customer_id,Age,Education,Marital_Status,Income,Kids,Seniority,Recency
5524,64,Graduation,Single,58138,0,122,58
2174,67,Graduation,Single,46344,2,93,38
4141,56,Graduation,Together,71613,0,105,26
6182,37,Graduation,Together,26646,1,91,26
5324,40,PhD,Married,58293,1,100,94
7446,54,Master,Together,62513,1,104,16
965,50,Graduation,Divorced,55635,1,114,34
6177,36,PhD,Married,33454,1,106,32
4855,47,PhD,Together,30351,1,108,19
5899,71,PhD,Together,5648,2,98,68
1994,38,Graduation,Married,,1,102,11
387,45,Basic,Married,7500,0,114,59
2125,62,Graduation,Divorced,63033,0,102,82
8180,69,Master,Divorced,59354,2,102,53
2569,34,Graduation,Married,17323,0,116,38
2114,75,PhD,Single,82800,0,114,23
9736,41,Graduation,Married,41850,2,113,51
4939,75,Graduation,Together,37760,0,117,20
6565,72,Master,Married,76995,1,110,91
2278,36,2n Cycle,Single,33812,1,123,86
9360,39,Graduation,Married,37040,0,118,41
5376,42,Graduation,Married,2447,1,108,42
1993,72,PhD,Married,58607,1,113,63
4047,67,PhD,Married,65324,1,90,0
1409,70,Graduation,Together,40689,1,110,69
7892,52,Graduation,Single,18589,0,112,89
2404,45,Graduation,Married,53359,2,108,4
5255,35,Graduation,Single,,1,111,19
9422,32,Graduation,Married,38360,1,108,26
1966,56,PhD,Married,84618,0,102,96
6864,32,Master,Divorced,10979,0,96,34
3033,58,Master,Together,38620,0,103,56
5710,51,Graduation,Together,40548,1,116,31
7373,69,PhD,Divorced,46610,2,115,8
8755,75,Master,Married,68657,0,111,4
10738,70,Master,Single,49389,2,105,55
4339,51,PhD,Married,67353,1,101,37
10755,45,2n Cycle,Married,23718,1,111,76
8595,48,Graduation,Widow,42429,1,90,99
2968,78,PhD,Divorced,48948,0,113,53
8601,41,Graduation,Married,80011,1,109,3
503,36,Master,Married,20559,1,102,88
8430,64,Graduation,Together,21994,1,113,4
7281,62,PhD,Single,,0,108,80
2139,46,Master,Married,7500,1,111,19
1371,45,Graduation,Single,79941,0,95,72
9909,25,2n Cycle,Married,7500,0,117,24
7286,53,Graduation,Together,41728,1,108,92
7244,70,Graduation,Single,,3,101,96
6566,67,PhD,Married,72550,2,118,39
8614,64,Graduation,Widow,65486,1,89,29
4114,57,Master,Married,79143,0,115,2
1331,44,Graduation,Single,35790,1,112,54
2225,44,Graduation,Divorced,82582,0,94,54
9381,43,Graduation,Married,66373,2,101,57
6260,66,Master,Together,82384,0,114,55
10383,55,Graduation,Divorced,70287,0,112,30
7437,33,Graduation,Single,27938,1,97,31
8557,39,Graduation,Single,,1,107,57
8375,53,PhD,Married,55954,1,99,63
6853,39,Master,Single,75777,0,110,12
3076,46,Graduation,Together,66653,2,119,18
1012,69,Graduation,Single,61823,1,111,26
6518,70,PhD,Widow,67680,1,102,8
4137,73,Graduation,Together,70666,0,107,29
8082,50,Graduation,Married,25721,1,108,75
1386,54,Graduation,Together,32474,2,90,0
9369,42,2n Cycle,Single,88194,1,98,19
4477,63,Graduation,Together,69096,1,104,4
1357,51,Graduation,Together,74854,3,106,90
1402,67,Master,Married,66991,0,115,1
10629,48,2n Cycle,Married,,1,116,25
6312,62,Graduation,Married,65031,1,110,29
8132,46,PhD,Married,60631,2,109,88
1050,69,Graduation,Married,28332,0,97,58
5846,44,Graduation,Divorced,40246,1,113,68
1859,49,Master,Married,75251,0,117,34
7503,45,Graduation,Single,75825,0,114,40
10401,45,2n Cycle,Together,26326,0,110,12
1618,56,Graduation,Together,56046,0,112,9
3332,36,Graduation,Single,29760,1,117,87
2261,52,Graduation,Married,26304,1,107,5
5346,48,2n Cycle,Married,23559,1,111,87
4119,58,Master,Together,38620,0,103,56
535,34,Graduation,Divorced,81361,0,99,18
5268,61,Graduation,Married,29440,2,102,95
273,51,Master,Married,36138,2,106,48
4452,64,Graduation,Single,50388,1,96,3
8504,48,Graduation,Married,79593,0,89,70
771,54,Graduation,Together,54178,1,100,79
8996,64,PhD,Married,,3,114,4
9235,64,Graduation,Single,,2,96,45
5798,48,Master,Together,,0,102,87
11178,49,Master,Single,42394,1,98,69
2230,51,PhD,Married,23626,1,96,84
7516,38,Graduation,Married,30096,1,96,30
7247,61,Graduation,Widow,47916,1,114,72
11100,49,Graduation,Divorced,51813,2,103,37
4646,70,2n Cycle,Married,78497,0,112,44
3037,38,PhD,Married,50150,0,107,32
1473,61,2n Cycle,Single,47823,1,106,0
1016,62,PhD,Single,34554,1,98,43
4518,42,Graduation,Together,85693,1,109,59
9370,76,PhD,Married,65846,0,108,68
8908,62,Graduation,Married,87195,0,93,35
8373,42,Basic,Together,24594,1,103,94
7533,57,Graduation,Married,49096,2,104,15
2683,52,Graduation,Married,52413,2,112,56
3629,43,Graduation,Single,38557,1,113,17
10991,61,Master,Married,89058,0,119,18
5077,42,Graduation,Together,77298,1,111,46
7431,30,PhD,Single,68126,0,116,40
3267,58,Master,Together,57288,1,95,27
999,30,Graduation,Single,86037,0,112,95
9215,41,PhD,Married,43974,1,113,19
2286,59,Graduation,Single,50785,2,103,27
1592,51,Graduation,Married,90765,0,100,25
367,43,2n Cycle,Married,36550,1,111,74
5234,54,2n Cycle,Together,30753,2,102,85
9862,52,Graduation,Together,21918,1,102,37
9805,68,Master,Together,56129,1,107,65
6205,54,Master,Single,32557,1,99,13
8442,36,Master,Married,19510,2,110,63
7386,45,Graduation,Divorced,30992,1,109,83
7215,38,Graduation,Single,101970,0,102,69
1491,56,2n Cycle,Together,71488,0,111,87
11071,37,Graduation,Single,79607,0,109,37
3381,68,Master,Married,54348,2,93,51
8268,60,PhD,Married,,1,102,23
11051,65,PhD,Together,77376,2,91,72
8026,69,Graduation,Married,62998,1,104,10
433,63,Master,Alone,61331,2,104,42
9597,52,Graduation,Married,73448,0,91,10
1295,58,Graduation,Married,,1,102,96
5290,57,PhD,Married,41551,2,105,51
1685,54,PhD,Together,62981,0,110,21
5342,45,Basic,Divorced,9548,1,118,31
9579,62,PhD,Married,33762,3,107,61
7660,48,PhD,Alone,35860,2,96,37
1461,56,PhD,Divorced,36921,2,106,74
821,29,Master,Single,92859,0,115,46
11084,45,Master,Together,65104,1,102,4
8690,59,Graduation,Married,86111,0,109,73
2937,47,PhD,Single,68352,1,105,47
9701,33,Graduation,Together,41883,1,110,13
9949,45,Graduation,Married,59809,2,115,36
10837,46,Graduation,Married,23957,1,115,47
3120,40,Graduation,Together,38547,1,105,49
5885,48,2n Cycle,Married,35688,3,117,94
4050,55,Master,Married,49605,0,95,65
3830,68,Master,Married,59354,2,97,59
7987,52,Graduation,Married,65747,1,95,96
7798,49,2n Cycle,Together,46344,1,113,28
92,33,Graduation,Alone,34176,1,89,12
7055,69,PhD,Together,61010,1,117,57
10240,72,Graduation,Together,69372,0,111,10
3025,63,Graduation,Single,49967,1,106,4
9283,43,Graduation,Single,60199,3,101,49
9970,44,Graduation,Together,55375,1,103,3
2730,66,Graduation,Single,80317,0,105,64
2795,63,Master,Single,30523,3,113,0
9260,76,PhD,Married,70356,0,121,20
8182,37,Graduation,Married,23228,1,97,91
10095,46,PhD,Divorced,74165,0,113,9
8475,48,PhD,Married,157243,1,101,98
4370,55,Graduation,Together,43482,3,102,83
10573,68,Graduation,Divorced,62551,0,102,27
3712,62,Graduation,Divorced,52332,0,105,63
6637,33,Graduation,Single,66951,0,111,46
3152,64,Graduation,Together,26091,2,99,84
5610,56,Graduation,Together,33456,2,97,58
6460,39,Graduation,Married,28718,1,106,78
1349,51,Graduation,Married,50447,2,97,4
1880,62,PhD,Together,53537,2,100,17
641,54,Graduation,Single,52074,1,98,77
8717,46,PhD,Married,80427,1,114,56
10314,73,PhD,Married,83837,0,113,79
10854,51,PhD,Married,38853,2,96,90
10492,62,Graduation,Together,38285,3,95,96
6935,70,2n Cycle,Married,78497,0,112,44
7698,45,PhD,Married,51650,1,90,81
3559,33,2n Cycle,Married,16248,1,91,77
10562,75,Master,Married,66835,0,104,21
10796,37,Master,Married,30477,1,100,16
2563,60,Basic,Married,28249,0,95,80
3518,38,Graduation,Married,25271,1,121,45
5823,51,PhD,Single,32303,1,93,63
3934,55,Graduation,Married,61286,1,112,34
6982,45,Graduation,Married,74068,0,110,14
6431,57,PhD,Married,45759,2,111,13
9733,43,Basic,Together,24882,1,117,52
5602,32,PhD,Together,66973,0,108,98
7829,121,2n Cycle,Divorced,36640,1,104,99
1324,33,Graduation,Married,38872,1,108,93
326,48,Graduation,Married,51148,2,111,38
7224,44,Graduation,Married,31353,2,101,24
6999,41,Master,Married,69661,0,96,80
9938,67,Graduation,Married,80067,0,104,82
6422,67,Graduation,Married,86718,0,112,20
3182,48,PhD,Single,46854,2,98,81
7300,69,Graduation,Divorced,69142,1,95,50
10424,53,Graduation,Single,75922,0,104,60
8727,43,Graduation,Divorced,63693,1,103,63
2798,44,PhD,Together,102160,0,124,54
1030,56,PhD,Single,40637,2,106,72
624,37,Master,Single,18890,0,116,5
5176,33,Graduation,Together,29604,1,105,88
5552,58,Master,Divorced,48721,2,108,50
868,55,Graduation,Married,44794,1,93,99
380,67,Graduation,Divorced,64497,1,116,17
2677,65,Graduation,Together,46097,1,110,11
6521,67,Graduation,Together,77972,0,98,18
6927,53,PhD,Married,44377,2,121,70
2877,47,Master,Together,46014,2,112,21
0,36,Graduation,Married,70951,0,110,66
1584,44,Graduation,Married,41443,1,101,79
7264,43,2n Cycle,Single,52195,3,89,2
6274,73,Master,Married,83790,0,102,81
1377,67,Master,Widow,44551,1,105,24
454,41,Graduation,Together,69508,1,114,48
1755,33,2n Cycle,Together,45204,1,90,93
2075,52,Graduation,Married,72460,0,102,56
4785,51,PhD,Together,77622,2,97,3
9076,41,PhD,Married,30732,1,109,44
7079,59,Graduation,Divorced,63887,1,118,38
4653,43,Graduation,Together,42011,1,110,46
7375,45,Graduation,Together,51369,1,115,84
709,69,Graduation,Divorced,51537,1,116,27
460,49,PhD,Married,79930,0,118,72
3726,35,PhD,Together,34320,1,99,66
6798,55,Graduation,Single,37070,2,110,30
5341,59,2n Cycle,Divorced,81975,1,109,2
1606,50,Graduation,Together,38590,1,108,65
9617,70,Graduation,Single,15033,0,97,37
3233,56,PhD,Married,62745,1,110,89
89,46,2n Cycle,Married,22212,1,104,49
2936,39,Master,Together,23661,1,109,46
9449,63,PhD,Single,79761,1,109,32
7297,48,Graduation,Single,7500,1,101,54
11004,128,2n Cycle,Single,60182,1,96,23
313,53,Graduation,Widow,73455,0,103,98
9940,63,Graduation,Together,64961,1,113,97
10735,50,Graduation,Single,22804,1,106,75
9529,31,Graduation,Married,73687,0,102,8
6439,63,Graduation,Married,61074,1,117,37
7411,57,PhD,Married,31686,2,96,31
2176,49,Graduation,Married,80134,1,108,40
9265,68,Graduation,Married,75027,1,105,74
8867,33,PhD,Married,67546,0,117,90
8932,52,Master,Together,65176,1,115,57
10236,46,Master,Single,31160,1,104,59
6340,36,Graduation,Single,29938,1,103,52
10089,47,Graduation,Divorced,102692,0,109,5
2227,63,2n Cycle,Together,26490,0,116,92
10992,54,Graduation,Together,75702,2,117,77
5304,47,PhD,Single,30899,1,115,35
309,60,PhD,Together,63342,1,115,48
3406,57,Graduation,Single,45989,1,115,97
2661,57,Graduation,Single,18701,2,110,95
3153,64,PhD,Single,40737,3,105,24
10264,42,Graduation,Divorced,15287,1,116,60
1184,53,PhD,Divorced,69674,2,108,46
4200,51,Master,Married,44159,1,95,85
9396,43,PhD,Married,37717,1,114,31
2387,69,Master,Together,43776,2,111,9
6690,55,Master,Married,38179,2,110,30
1225,58,Graduation,Married,80124,0,95,47
9703,51,PhD,Married,38097,2,115,70
291,51,Graduation,Married,72940,0,107,13
4557,51,Graduation,Together,22070,1,109,11
2379,68,Graduation,Single,69267,0,116,31
5726,38,Master,Single,31788,1,98,15
3066,46,PhD,Together,61905,1,98,2
6336,61,Graduation,Married,29315,2,95,55
10967,58,Graduation,Divorced,33378,2,108,38
2304,58,PhD,Together,66313,1,104,86
3445,65,Graduation,Single,60714,0,112,56
7828,40,Master,Together,77882,0,97,29
3762,35,PhD,Single,69867,0,112,30
4391,53,Master,Divorced,63841,1,109,64
4669,40,Basic,Married,24480,1,103,46
10144,45,Graduation,Together,51369,1,115,84
8652,75,Graduation,Together,37760,0,117,20
1672,47,PhD,Together,65640,1,101,74
8962,46,Master,Married,44319,2,97,18
9974,47,Graduation,Married,30631,1,101,75
10983,69,Graduation,Together,75278,0,112,17
8148,65,Master,Together,50898,2,106,88
10102,55,Graduation,Widow,79946,0,89,19
4697,72,Master,Divorced,35416,0,107,62
9262,37,2n Cycle,Together,32414,0,110,11
7254,52,Graduation,Together,38361,1,101,74
4543,41,Graduation,Married,82497,0,115,32
4927,50,Graduation,Together,16626,2,100,76
10451,56,Graduation,Together,29672,2,102,6
2926,69,Master,Together,55951,1,117,62
2874,33,2n Cycle,Divorced,35388,1,107,20
9738,35,Master,Together,42386,1,112,43
7119,39,Graduation,Single,68627,0,102,45
3924,56,PhD,Divorced,57912,1,98,34
5827,63,Graduation,Divorced,35246,2,97,53
5596,65,2n Cycle,Together,58821,1,101,44
10812,43,PhD,Married,46377,1,101,89
1717,33,Graduation,Single,39747,1,97,43
9491,37,Graduation,Together,23976,1,101,68
9274,60,Master,Married,80950,0,110,44
6609,55,Graduation,Widow,27038,0,116,64
6963,74,Graduation,Single,77457,0,97,85
4440,57,Master,Married,64100,1,103,93
1379,29,Master,Together,42670,0,109,12
10032,45,Graduation,Divorced,12571,1,100,86
2826,54,Graduation,Married,22574,3,103,28
2437,32,Graduation,Married,,0,111,69
6320,45,Master,Single,70893,0,108,42
3050,55,Graduation,Married,54198,2,101,13
231,65,Master,Together,28839,2,90,86
2392,49,Graduation,Married,40321,2,106,59
9478,36,Graduation,Single,66503,1,117,30
113,70,Graduation,Married,30833,2,106,33
2863,51,Graduation,Single,,3,105,67
1802,50,Graduation,Married,64795,1,112,23
520,47,Graduation,Married,34421,1,113,81
8275,56,PhD,Divorced,47025,2,92,6
9750,60,PhD,Divorced,64325,1,107,41
2607,68,Graduation,Single,40464,1,103,78
7214,64,Graduation,Married,62187,0,109,49
5835,45,PhD,Divorced,14849,1,112,39
3896,37,Graduation,Married,27255,1,106,3
10350,71,PhD,Married,54432,3,105,37
7786,35,PhD,Single,29999,1,111,22
2861,38,Graduation,Single,24072,1,109,79
663,32,PhD,Single,33996,0,102,46
10675,65,PhD,Married,66334,1,111,82
2521,50,Master,Married,35178,1,104,10
9592,38,Graduation,Together,22010,1,107,51
10151,61,Graduation,Divorced,62204,2,114,38
7381,53,Graduation,Divorced,75693,0,120,10
4099,49,Graduation,Married,30675,1,113,14
9560,56,Graduation,Together,83003,0,111,18
1150,122,PhD,Together,83532,0,104,36
10172,33,Graduation,Single,68655,0,116,95
11191,35,Graduation,Divorced,41411,0,106,11
9707,52,PhD,Married,55212,1,114,65
6245,71,PhD,Together,59292,1,107,71
8234,48,Basic,Together,27190,1,105,13
1411,69,Graduation,Divorced,82623,0,103,58
8553,56,Graduation,Married,44300,2,107,65
1826,51,Graduation,Divorced,84835,0,95,0
8842,50,Graduation,Widow,30372,2,113,33
11030,45,Master,Married,33181,1,99,90
2579,64,Graduation,Married,71113,1,101,95
175,35,Graduation,Married,71952,1,104,93
9185,55,PhD,Single,69759,0,103,38
11056,47,Graduation,Married,72099,0,115,18
9365,45,PhD,Single,60000,1,113,57
6201,43,Graduation,Single,38643,2,102,45
2061,66,Graduation,Married,50737,1,103,61
6184,52,PhD,Married,68462,0,113,6
6142,78,Master,Married,65073,0,105,65
4107,73,PhD,Together,46681,2,105,52
7274,64,Graduation,Married,78618,0,116,87
9336,52,PhD,Widow,62187,1,98,38
2958,43,Graduation,Married,28442,2,99,53
933,43,PhD,Married,37717,1,114,31
5837,54,Graduation,Married,51479,2,113,67
10704,52,Graduation,Single,54803,1,117,65
5125,61,Graduation,Married,79530,0,108,64
4432,45,Graduation,Divorced,31615,1,110,82
5955,59,Graduation,Together,72025,0,114,27
2928,46,PhD,Single,52614,1,125,63
5680,37,2n Cycle,Married,35684,1,97,66
10313,46,Graduation,Married,48178,2,115,69
2557,51,Master,Single,29548,1,105,52
1245,55,Graduation,Single,63810,1,114,45
1519,49,PhD,Single,38578,2,107,2
10703,46,Master,Single,46098,2,117,86
1726,51,Graduation,Single,22585,0,110,23
4459,32,Graduation,Single,30279,1,113,13
1729,60,PhD,Together,66426,1,111,14
1517,52,Graduation,Single,30822,1,107,92
2098,52,PhD,Married,33581,2,106,38
9543,36,Graduation,Married,19986,1,102,74
6878,67,Graduation,Widow,27421,0,113,14
3310,48,2n Cycle,Married,35688,3,117,94
2724,40,Master,Single,36143,1,98,33
948,50,Graduation,Single,10245,1,108,32
6720,53,Master,Together,43795,1,103,11
6202,61,Graduation,Together,63381,1,121,78
2066,72,Graduation,Together,38823,1,117,56
9799,53,PhD,Divorced,83664,2,106,57
8318,42,Graduation,Together,90300,0,99,7
5642,42,Master,Together,62499,1,104,0
2669,28,Graduation,Single,74293,0,97,66
455,75,PhD,Married,51012,0,109,86
7683,53,Master,Married,70777,1,99,80
3428,30,PhD,Together,68682,0,107,56
7414,50,Graduation,Married,43824,2,116,18
6354,37,Graduation,Together,15345,1,117,51
798,34,Graduation,Single,23442,1,113,71
8213,41,2n Cycle,Together,14515,1,117,71
2488,65,2n Cycle,Divorced,31395,2,110,80
9999,56,Graduation,Together,75276,0,116,2
7617,47,Graduation,Single,42373,2,105,83
615,61,Graduation,Together,30507,0,103,29
2552,66,PhD,Single,55521,3,103,11
194,56,Graduation,Married,48006,2,92,55
3645,49,PhD,Single,27213,1,117,19
8890,50,PhD,Divorced,65808,2,96,1
5049,47,PhD,Together,30351,1,108,19
9973,58,Graduation,Married,50437,2,115,28
7301,39,2n Cycle,Single,23616,1,114,76
10882,45,Graduation,Married,53858,1,117,50
7030,66,PhD,Married,66465,1,110,1
7422,34,Graduation,Single,46923,1,117,90
3523,59,Graduation,Together,75072,1,112,83
7106,78,PhD,Married,75865,0,98,73
6504,46,2n Cycle,Together,19789,1,102,24
5067,27,Graduation,Together,80134,0,99,11
4216,40,Graduation,Single,91065,0,111,33
8581,50,Master,Married,49505,2,109,4
5929,48,PhD,Married,37401,1,95,14
3129,38,Graduation,Married,30096,1,96,30
6528,39,Master,Together,18492,1,96,75
1361,47,Master,Married,82584,0,110,26
6932,80,PhD,Married,93027,0,109,77
7284,68,Graduation,Married,48686,3,109,8
1340,35,Graduation,Married,92910,0,97,42
8746,32,Graduation,Married,75433,1,97,28
5987,32,2n Cycle,Together,10404,1,97,52
3767,53,Graduation,Married,61314,1,109,1
3725,60,PhD,Single,84865,0,105,1
4324,32,Graduation,Married,42387,1,115,42
238,54,2n Cycle,Together,67309,2,112,76
6694,57,Graduation,Married,75236,1,102,27
498,51,Graduation,Single,30015,1,100,28
9347,65,Master,Together,50943,1,107,49
9699,55,Graduation,Divorced,67272,1,101,12
10664,72,Master,Widow,51529,1,106,14
5455,50,PhD,Married,32011,1,105,89
456,35,2n Cycle,Married,7500,1,107,96
5012,32,Graduation,Married,28691,1,110,56
7495,73,PhD,Married,56223,1,101,72
5029,75,Graduation,Married,18100,0,108,14
10642,32,Graduation,Single,30279,1,113,13
2106,47,2n Cycle,Married,20130,0,98,99
10364,62,Graduation,Divorced,23295,0,106,72
5954,49,Master,Divorced,42618,1,104,92
1137,57,Graduation,Single,81246,0,101,87
2541,45,Graduation,Married,24027,1,105,7
1142,68,PhD,Married,55707,1,101,91
2276,66,Graduation,Single,57959,1,112,71
2807,52,Graduation,Married,56796,1,111,24
6471,50,Master,Single,36230,1,103,17
6131,41,2n Cycle,Married,70829,2,112,87
6233,45,Graduation,Married,65991,1,119,21
4148,49,Graduation,Married,38988,3,117,90
4947,55,2n Cycle,Single,89572,0,116,44
3225,37,Master,Married,42207,1,113,71
7540,69,Graduation,Married,50300,1,96,52
10648,39,2n Cycle,Together,66664,0,116,78
1992,57,Graduation,Married,60597,1,101,2
7851,72,Graduation,Widow,70165,0,104,60
8594,63,PhD,Widow,50520,1,100,25
7059,58,Graduation,Married,80124,0,95,47
2815,46,Graduation,Married,33183,1,99,46
2416,52,PhD,Single,66582,0,99,83
7999,66,PhD,Together,75261,0,109,17
9213,51,Graduation,Widow,31880,1,115,13
9697,70,Graduation,Married,53790,2,96,86
3916,50,PhD,Together,49269,1,117,92
2021,46,Graduation,Married,61456,1,110,47
1581,41,Graduation,Married,37406,1,103,18
564,40,PhD,Together,56937,1,122,81
6619,43,Graduation,Married,38415,2,112,91
9081,33,Graduation,Single,20518,1,96,58
178,65,Graduation,Married,62503,1,111,40
916,49,PhD,Single,41644,2,92,67
5512,44,Master,Married,55842,1,96,19
8970,49,PhD,Married,62010,1,115,93
10581,44,Graduation,Married,41124,1,115,41
5300,48,Master,Married,38961,1,101,60
5154,49,Master,Divorced,37760,1,102,54
8346,47,Graduation,Single,32233,1,117,26
1676,46,Graduation,Married,43057,1,103,30
9286,61,Master,Together,83151,0,116,93
2426,57,PhD,Divorced,78825,0,116,35
5172,45,Master,Together,65104,1,102,4
5562,47,Graduation,Married,60093,1,107,92
3436,52,Graduation,Married,14045,1,100,24
3921,69,2n Cycle,Widow,28457,0,115,96
3403,63,PhD,Together,78952,1,116,11
22,45,Graduation,Divorced,46310,1,123,99
10965,66,Graduation,Together,76005,0,111,72
9426,57,Master,Single,58308,1,102,77
6605,77,PhD,Divorced,55614,0,102,85
3136,59,Master,Divorced,59432,1,109,88
8737,43,Graduation,Divorced,55563,1,97,22
11088,50,PhD,Together,78642,1,109,83
716,72,PhD,Together,67911,1,96,63
466,77,Graduation,Married,65275,0,111,9
9135,71,Graduation,Together,27203,2,120,92
10623,60,Master,Together,48330,1,102,2
8151,31,Basic,Married,24279,0,113,6
5140,36,PhD,Married,64355,1,117,66
10160,65,Master,Together,50943,1,107,49
4945,68,Graduation,Widow,53653,0,119,29
10584,45,Graduation,Married,65665,1,111,77
6071,32,Graduation,Single,81217,0,106,77
3386,29,Graduation,Married,34935,0,107,71
8939,62,Graduation,Divorced,61250,1,113,49
9925,40,PhD,Together,39665,1,108,97
4320,42,Graduation,Single,60152,1,110,6
5389,57,Graduation,Married,48920,2,103,93
6036,62,Master,Together,89120,0,98,78
182,75,PhD,Together,44124,1,103,62
203,46,Master,Single,81169,0,109,47
11025,60,Graduation,Married,36443,2,111,9
10203,31,Graduation,Single,26095,1,107,77
4607,62,Graduation,Together,71367,0,105,24
3711,77,Master,Married,80184,0,101,19
3696,56,Graduation,Divorced,30630,2,100,67
2532,34,Master,Single,73454,0,101,95
9214,30,Graduation,Married,42691,0,105,48
4943,68,Graduation,Married,70503,0,116,73
35,34,Graduation,Married,25545,1,118,35
2258,35,Graduation,Married,32880,1,122,76
4322,63,PhD,Together,77863,0,102,20
713,44,Master,Married,50353,0,93,72
4702,57,Graduation,Single,61839,0,114,20
3281,61,PhD,Married,49154,2,110,69
702,46,2n Cycle,Widow,47682,1,111,80
2004,52,Graduation,Single,72679,1,104,65
4769,44,Master,Together,57954,2,95,52
4437,59,Graduation,Married,65316,2,109,65
8724,39,Graduation,Single,28567,1,107,57
10741,70,Master,Together,47352,1,103,70
1991,54,Graduation,Together,44931,1,100,0
6931,54,Graduation,Divorced,76982,0,99,19
11096,69,2n Cycle,Together,57247,1,105,50
304,40,Master,Single,22944,1,101,67
3665,44,2n Cycle,Together,25315,1,106,46
10591,52,Graduation,Widow,43638,1,120,37
5036,37,PhD,Single,42710,1,114,38
5547,39,PhD,Married,84169,0,107,9
7822,45,Graduation,Together,54058,1,110,56
8541,31,2n Cycle,Married,24683,1,93,98
10955,57,Graduation,Widow,85620,0,95,68
4368,41,Graduation,Married,47850,1,110,72
9671,53,Graduation,Married,19514,2,100,47
2256,48,Master,Married,27159,2,98,33
4279,58,2n Cycle,Single,39548,2,98,87
5371,32,Graduation,Single,21474,1,93,0
9240,50,PhD,Single,60504,1,95,73
9460,58,Graduation,Married,22419,0,109,74
9504,72,Master,Married,81698,0,107,4
8692,69,Graduation,Together,43462,2,114,50
448,43,PhD,Single,54880,1,113,57
8314,39,Graduation,Married,79908,0,109,30
8420,51,2n Cycle,Married,15315,0,111,27
3174,62,Graduation,Together,87771,1,108,61
7685,43,Graduation,Married,33039,1,104,4
3179,41,Graduation,Single,81741,0,107,75
9780,50,Master,Together,71499,1,107,12
10681,51,2n Cycle,Married,62466,1,100,13
10232,58,PhD,Divorced,48799,1,108,9
4184,71,PhD,Together,52157,1,94,48
9120,59,Graduation,Single,66565,1,121,80
891,70,Master,Together,29298,2,106,60
10381,42,Graduation,Single,47691,1,109,43
3525,51,Graduation,Together,38200,2,119,19
6818,47,Graduation,Married,44989,1,114,26
3526,53,PhD,Married,38443,2,100,58
8181,43,2n Cycle,Single,38593,1,104,42
1029,51,PhD,Together,64413,1,113,27
7369,40,Master,Married,36959,1,111,56
2574,44,PhD,Married,61996,1,112,27
8159,53,Graduation,Married,51287,2,101,10
1160,51,Graduation,Married,13260,2,105,48
10242,55,PhD,Together,47472,2,104,39
5253,65,Master,Together,54603,2,104,85
5966,47,PhD,Married,45207,2,116,64
5314,70,Graduation,Together,40689,1,110,69
5081,54,2n Cycle,Together,47821,2,103,54
5123,70,Master,Married,27450,0,109,57
5756,38,Graduation,Together,39453,1,99,64
8036,50,2n Cycle,Together,26850,2,97,10
9058,66,Graduation,Widow,79800,0,116,65
5057,60,Master,Married,61794,1,104,74
254,66,Graduation,Together,53863,1,96,4
4179,62,Graduation,Together,24221,0,105,94
3710,37,PhD,Single,39684,1,114,41
7627,46,Master,Married,92163,0,113,25
4501,56,Master,Single,69882,0,103,94
6424,44,Graduation,Together,33178,1,100,9
3075,49,PhD,Married,59973,0,102,47
4992,46,Master,Together,17459,1,104,12
5252,52,Graduation,Divorced,23910,1,115,80
7444,52,Master,Married,42169,2,103,20
6919,43,2n Cycle,Married,26224,1,110,39
3537,40,Graduation,Together,31089,1,117,57
10277,60,Graduation,Single,30081,1,111,27
2453,61,Graduation,Together,62807,1,117,83
7972,66,Graduation,Single,72906,0,104,79
895,73,PhD,Married,61467,2,116,69
1177,55,Master,Together,49618,2,112,77
7141,35,Master,Single,21888,1,113,15
7232,48,Graduation,Widow,42429,1,90,99
8477,65,Graduation,Divorced,26150,3,103,61
2457,46,Basic,Married,30801,1,115,23
988,56,Graduation,Married,81168,0,94,84
7930,52,Master,Single,26877,0,105,74
4587,77,Master,Widow,45006,0,106,90
6682,48,Basic,Married,18978,1,114,41
6222,54,Graduation,Married,22574,3,103,28
10299,52,PhD,Single,48240,0,117,73
3083,47,Graduation,Married,45837,2,106,88
8953,56,Master,Single,35791,3,108,94
1503,45,PhD,Together,162397,2,111,31
8650,43,Graduation,Widow,54162,2,110,31
10862,61,Master,Married,30522,1,117,6
2782,60,PhD,Married,54456,1,102,23
6941,50,Graduation,Single,31632,0,106,92
10972,72,Graduation,Widow,72298,0,91,52
10708,43,2n Cycle,Single,36975,1,101,50
6583,66,2n Cycle,Married,72635,0,111,54
3641,45,Graduation,Married,13624,1,112,93
10156,46,Graduation,Single,84196,1,111,56
4299,61,Graduation,Together,70971,1,116,28
3469,44,PhD,Divorced,34487,2,120,94
5063,44,Graduation,Single,28769,1,113,76
10727,51,PhD,Married,69084,1,102,43
9624,63,PhD,Together,65488,0,95,46
5156,51,2n Cycle,Married,62466,1,100,13
4376,61,2n Cycle,Single,32218,0,99,27
8923,48,Graduation,Single,83917,0,109,12
8461,59,Graduation,Divorced,46102,3,91,3
6945,69,Graduation,Single,84574,0,110,72
944,59,Graduation,Married,56181,1,106,6
1907,71,Master,Divorced,63120,1,116,53
701,50,Graduation,Married,73691,1,107,58
3856,61,Graduation,Together,63381,1,121,78
4149,73,PhD,Together,76140,0,96,57
2131,62,PhD,Divorced,62859,1,113,37
2942,57,Graduation,Single,45906,1,107,20
1173,74,Master,Together,77632,0,104,73
4381,50,PhD,Married,46463,2,105,56
4611,51,Graduation,Together,105471,0,112,36
3376,51,Master,Divorced,55282,1,101,9
4679,44,Master,Married,78710,1,96,42
10928,63,Graduation,Together,66886,1,104,28
4248,61,Master,Single,98777,0,99,23
6728,36,Graduation,Together,29103,1,117,38
6661,47,Graduation,Married,67445,1,114,63
4725,71,PhD,Together,50616,1,97,71
3277,66,Graduation,Divorced,49431,1,123,9
5555,46,Graduation,Divorced,153924,0,95,81
2564,68,Graduation,Together,61278,1,98,87
946,63,2n Cycle,Together,26490,0,116,92
3867,74,PhD,Together,73059,1,105,36
6940,55,PhD,Single,46734,3,103,86
55,58,Graduation,Together,56253,1,119,83
7093,36,Graduation,Married,19986,1,102,74
5084,46,Graduation,Widow,58330,1,101,87
1777,41,Basic,Married,25965,0,119,29
8162,65,Master,Together,14661,0,113,88
10826,62,Graduation,Married,18690,0,113,77
8754,47,PhD,Together,45068,1,108,25
1987,34,Basic,Single,21063,1,104,34
11007,53,PhD,Married,29187,1,105,43
7426,50,2n Cycle,Married,54690,2,106,76
9153,57,PhD,Married,59304,1,106,81
10379,59,Master,Single,59247,2,105,87
9204,51,Graduation,Widow,66731,1,114,33
3197,41,Graduation,Married,77353,1,101,38
2920,46,PhD,Single,52614,1,125,63
6961,47,Graduation,Married,26751,2,96,26
4673,58,PhD,Married,81300,1,115,17
9937,42,Graduation,Single,70337,0,100,75
8779,36,2n Cycle,Married,36145,1,107,13
9596,41,PhD,Single,65295,0,101,19
2891,58,Graduation,Divorced,68118,1,103,51
4910,54,Graduation,Divorced,68743,0,117,81
75,39,2n Cycle,Together,41039,0,106,32
10120,66,Graduation,Together,38946,1,103,84
6327,54,Graduation,Together,65777,0,101,87
10142,45,PhD,Divorced,66476,1,107,99
9826,49,PhD,Single,86857,0,114,96
1501,39,PhD,Married,160803,0,122,21
10767,32,PhD,Together,77845,0,96,40
7279,52,PhD,Together,69476,0,104,3
7230,61,PhD,Divorced,50611,1,122,98
143,51,Graduation,Single,61209,0,105,73
450,63,Master,Together,42315,1,101,90
9316,69,Basic,Together,13084,0,111,29
6379,72,Master,Widow,47570,2,108,3
9239,60,Master,Married,61923,2,106,94
8315,26,Graduation,Single,34824,0,98,65
2868,72,PhD,Single,26518,2,106,33
10888,60,Graduation,Single,45938,0,110,46
1277,61,Graduation,Together,78468,0,92,29
9977,48,Graduation,Divorced,78901,1,104,99
10196,43,Graduation,Married,71427,2,89,26
6384,43,Graduation,Divorced,71022,1,90,30
8029,33,Master,Single,90247,0,97,27
968,53,Master,Divorced,41335,1,101,24
6988,35,Graduation,Married,71952,1,104,93
4472,51,PhD,Divorced,35682,1,95,34
6991,70,Graduation,Divorced,43185,1,104,88
3336,73,PhD,Together,66375,1,102,96
4301,50,Master,Married,35178,1,104,10
1940,35,Graduation,Married,25252,1,101,26
1272,56,Master,Single,55250,1,115,49
1388,46,Graduation,Single,33249,1,111,11
1044,68,Graduation,Together,58398,0,108,44
6969,39,Graduation,Together,50272,1,107,75
10479,46,PhD,Married,76618,0,119,64
3619,61,2n Cycle,Divorced,87305,0,116,19
1715,43,Graduation,Together,25851,1,103,45
10159,51,Graduation,Divorced,58710,1,110,77
1463,63,Graduation,Single,45160,2,98,9
5114,56,Master,Married,74806,1,113,1
4990,67,Graduation,Married,59111,0,112,90
4329,37,PhD,Married,18988,1,96,43
10936,56,Graduation,Married,72190,0,111,79
4692,45,Graduation,Married,7500,1,125,19
7212,55,Graduation,Married,44794,1,93,99
6086,66,Graduation,Married,80395,0,102,62
437,45,Master,Divorced,75012,0,100,41
11171,56,Master,Married,56962,3,102,60
11101,30,Graduation,Together,89891,0,109,17
5329,72,PhD,Divorced,35946,2,104,24
610,68,PhD,Together,53593,2,119,60
9384,43,Graduation,Married,66373,2,101,57
5956,73,PhD,Divorced,45072,3,103,74
10430,48,Graduation,Divorced,89694,2,104,22
7875,72,Graduation,Married,72025,0,97,46
7072,48,Graduation,Married,67432,1,110,69
6255,69,Master,Together,70545,1,98,29
6516,32,Basic,Married,17487,1,110,37
5564,52,Graduation,Together,62882,1,117,26
5682,68,PhD,Single,64108,1,110,8
7458,65,Master,Together,34941,2,108,26
5237,71,PhD,Single,48767,3,101,79
7761,43,2n Cycle,Together,38702,1,113,71
5278,57,Graduation,Married,82224,0,100,83
3560,69,Graduation,Together,83844,0,102,57
7235,46,2n Cycle,Married,17003,1,104,37
10548,26,Graduation,Single,71163,0,92,30
2281,51,Graduation,Single,33697,1,104,34
4073,67,2n Cycle,Married,63564,0,100,0
6974,49,PhD,Together,83443,0,101,89
7938,63,PhD,Together,51518,1,111,92
7094,46,Graduation,Widow,58330,1,101,87
3667,52,Graduation,Married,80952,0,111,20
7723,42,Graduation,Together,75507,0,99,56
3870,43,2n Cycle,Together,63855,0,105,28
4012,49,PhD,Together,62220,1,115,55
5909,57,Graduation,Married,58512,1,104,25
10470,42,Master,Married,40662,1,110,0
6488,62,PhD,Married,38829,1,95,86
10270,40,2n Cycle,Married,35523,1,111,8
6887,54,Graduation,Single,79146,2,97,33
6406,33,Master,Married,78285,0,103,13
7573,43,PhD,Single,31626,1,104,12
4508,69,Graduation,Single,75127,0,96,92
221,66,Graduation,Married,48726,1,109,90
5331,44,Graduation,Married,74985,0,115,8
1911,34,Graduation,Together,67430,0,121,6
20,56,2n Cycle,Married,46891,1,113,91
8786,65,Master,Married,62058,1,108,52
10582,42,Graduation,Married,72063,1,111,3
1915,70,PhD,Married,78939,0,101,57
8897,56,Graduation,Single,42720,2,109,9
2371,49,Graduation,Married,33622,2,109,22
4303,64,PhD,Together,6835,1,118,76
6825,68,Graduation,Together,41452,2,108,86
1072,56,PhD,Single,40760,1,105,64
4964,63,PhD,Together,74250,0,100,90
2461,66,Master,Single,51124,2,101,79
10736,50,Graduation,Single,72258,1,101,28
3194,47,PhD,Single,71466,0,97,86
10839,45,Graduation,Together,36283,2,97,42
49,51,Graduation,Single,20587,1,90,39
4290,49,Graduation,Married,30467,1,98,8
10219,49,Graduation,Together,31590,1,107,40
4211,35,Basic,Married,20425,1,115,5
1135,61,Master,Together,17144,2,99,96
6299,53,PhD,Divorced,42564,1,112,28
10846,43,Master,Married,43783,1,96,22
347,45,Graduation,Divorced,40780,1,118,30
6543,76,Master,Together,62847,0,112,45
10446,64,PhD,Married,82017,0,119,58
3479,71,Graduation,Single,16813,0,106,49
11075,43,Graduation,Married,51267,2,103,37
4442,60,Graduation,Single,46524,1,109,70
199,59,Master,Single,45183,0,112,33
6722,67,PhD,Married,70421,1,95,98
796,56,2n Cycle,Divorced,60161,1,115,17
3749,48,Graduation,Together,73926,0,112,54
8523,53,Graduation,Married,19329,1,101,39
310,51,Master,Married,61872,1,101,81
8629,65,Graduation,Widow,46984,2,110,71
236,70,Graduation,Married,34838,2,112,62
9930,77,PhD,Single,82716,0,108,8
3483,63,Graduation,Married,48192,0,108,76
4599,45,Master,Married,49681,2,109,66
7326,50,Master,Married,56850,1,98,83
7352,64,Graduation,Married,55267,1,103,28
2350,49,Graduation,Married,59666,2,110,87
9145,49,Graduation,Single,72504,1,108,43
2964,40,Graduation,Married,26872,0,103,0
5585,49,Graduation,Single,21359,1,109,1
9687,46,Graduation,Single,73170,0,96,1
3732,66,Master,Married,52750,1,110,72
6303,35,PhD,Together,91820,0,102,72
11176,51,PhD,Together,65968,1,89,12
2986,45,Graduation,Married,30772,2,89,89
7462,67,Graduation,Single,22507,0,114,67
3900,49,Graduation,Married,65685,1,98,54
7034,43,2n Cycle,Married,25804,1,113,34
9493,41,PhD,Single,76412,0,109,15
1143,49,Graduation,Married,22063,1,105,43
1,60,Graduation,Single,57091,0,95,0
3855,58,Graduation,Married,22419,0,109,74
5536,62,Graduation,Together,87771,1,108,61
5989,62,2n Cycle,Divorced,78353,1,109,51
9499,67,Graduation,Married,93404,3,107,97
6768,59,Graduation,Divorced,37859,3,102,75
2150,63,PhD,Widow,80995,1,103,83
6646,37,Graduation,Together,16529,1,101,23
4887,45,PhD,Divorced,55412,2,102,65
8560,29,Graduation,Single,48789,0,116,94
3321,54,PhD,Together,56575,2,109,42
11003,41,2n Cycle,Together,25130,1,111,10
10402,54,Graduation,Married,35441,2,111,94
9904,65,Graduation,Married,71391,1,110,50
6141,49,Master,Single,49494,1,109,46
5687,41,Graduation,Divorced,81702,0,116,98
10856,41,2n Cycle,Single,45889,1,112,42
5121,44,Graduation,Single,56628,1,98,30
4186,71,Graduation,Together,34026,2,109,11
368,47,Graduation,Married,40049,1,114,61
3312,33,Graduation,Single,34176,1,89,12
11121,40,Graduation,Married,19419,1,116,76
5332,61,2n Cycle,Married,82504,0,106,2
5848,51,Graduation,Together,81205,0,100,43
10343,30,2n Cycle,Single,61618,0,116,27
5935,65,Master,Single,55284,1,113,60
2895,58,Graduation,Single,49980,1,103,79
10262,41,Graduation,Married,15072,2,104,96
7848,47,Graduation,Single,49166,1,107,17
9477,67,PhD,Married,65324,1,90,0
4856,64,2n Cycle,Married,82347,0,120,38
7186,55,PhD,Together,30843,2,96,43
5794,47,PhD,Married,46374,1,98,1
1456,42,Graduation,Single,60474,1,113,25
4877,48,Master,Married,38576,1,98,2
425,36,Graduation,Married,55357,2,111,66
3007,55,Graduation,Together,37758,2,122,49
1031,32,2n Cycle,Married,85710,0,109,5
4297,52,Graduation,Together,23228,1,100,71
807,52,Master,Together,44602,2,99,35
9553,34,Graduation,Married,7500,0,105,94
4271,32,2n Cycle,Together,38683,1,122,80
4120,46,2n Cycle,Single,49514,1,101,61
2036,48,PhD,Together,57906,1,102,29
115,55,Master,Single,43456,1,110,0
4259,35,Master,Single,19485,2,104,80
8687,43,Graduation,Together,53172,1,108,54
2447,42,Graduation,Together,30545,1,115,71
10140,38,PhD,Together,70123,0,104,27
9353,62,Graduation,Single,62450,1,96,61
3623,45,Graduation,Together,21675,1,90,55
738,40,2n Cycle,Single,42395,2,98,35
7631,43,Master,Together,61346,1,107,34
4789,68,Graduation,Together,80812,0,104,95
773,50,Master,Divorced,42835,2,107,64
10602,38,Graduation,Married,39922,1,111,30
1446,65,Master,Single,86424,0,97,12
3270,43,2n Cycle,Together,17117,1,112,96
8443,49,Graduation,Single,24762,1,91,16
9653,46,Graduation,Married,35797,1,115,16
8916,46,Graduation,Divorced,36627,2,106,78
8017,40,2n Cycle,Married,51111,2,95,83
5830,49,PhD,Single,86857,0,114,96
4597,51,PhD,Together,82072,0,112,67
7023,68,PhD,Single,46231,3,114,87
8086,62,Graduation,Married,42243,2,102,34
8825,59,Graduation,Together,51195,2,113,46
2930,43,Master,Single,68092,0,101,7
1928,48,Graduation,Married,31814,1,105,73
7108,56,Master,Widow,51390,2,118,54
10925,38,Graduation,Married,76630,0,100,93
9960,30,Basic,Single,26868,1,97,52
8800,78,PhD,Divorced,48948,0,113,53
9224,49,PhD,Single,55260,1,113,81
5519,65,Graduation,Together,64090,1,107,8
5046,63,Graduation,Divorced,78331,1,100,97
7037,47,PhD,Married,37087,1,102,50
905,35,Graduation,Divorced,21846,1,103,38
8624,63,Graduation,Married,81320,0,108,61
8945,51,Graduation,Divorced,54137,1,105,46
6445,54,Graduation,Together,66825,0,106,73
2727,48,Graduation,Together,57100,0,109,19
6404,52,Graduation,Together,58917,3,110,10
11074,44,Graduation,Single,85072,0,92,94
10150,60,Graduation,Single,86429,0,102,10
1968,50,Graduation,Widow,45684,1,111,37
6534,47,Graduation,Together,47889,1,98,94
9485,35,PhD,Married,45921,0,91,23
7053,55,PhD,Single,78420,0,107,75
4654,29,Graduation,Together,75114,0,106,40
9760,58,PhD,Widow,52278,1,112,24
1048,49,Master,Married,35641,1,106,11
10619,27,Graduation,Single,95529,0,123,29
9308,67,Graduation,Married,62820,0,103,51
10505,61,Master,Together,73113,0,101,86
8362,39,PhD,Married,84169,0,107,9
2625,67,2n Cycle,Single,42607,1,102,30
4637,67,PhD,Single,74637,0,108,73
9972,66,PhD,Together,46015,2,97,25
4483,28,Graduation,Single,72354,0,109,67
4487,52,Master,Single,39858,1,112,67
4988,73,PhD,Married,34469,2,97,58
8931,35,Graduation,Together,83033,1,96,82
5871,42,Master,Together,24401,0,117,98
2008,43,Graduation,Married,77583,0,91,93
3139,39,2n Cycle,Single,74116,0,101,53
10037,28,Graduation,Single,74293,0,97,66
10673,45,PhD,Married,68397,1,102,6
5303,47,PhD,Together,79632,0,93,42
538,32,Graduation,Single,46107,1,91,78
7922,70,PhD,Single,64950,1,114,29
5692,32,Basic,Married,25443,1,113,82
4843,69,Graduation,Single,75127,0,96,92
6383,50,PhD,Together,32892,1,96,78
1628,50,Graduation,Together,71796,0,103,54
1204,51,PhD,Married,67536,1,108,45
3673,50,Graduation,Single,55239,1,106,59
760,46,PhD,Divorced,60554,1,104,8
8957,69,2n Cycle,Single,64831,2,104,51
4128,59,PhD,Together,56067,1,106,51
6810,38,Graduation,Divorced,82025,0,108,76
5386,68,Graduation,Together,94384,0,110,62
8700,35,Basic,Single,14906,0,113,86
3202,34,PhD,Married,51563,0,125,60
1328,39,2n Cycle,Married,57937,1,99,56
8405,42,Graduation,Divorced,68274,2,104,83
6515,44,Graduation,Together,39771,1,107,92
2882,46,2n Cycle,Divorced,67893,1,125,31
7574,42,PhD,Together,27922,1,91,80
6387,45,PhD,Together,52190,2,93,39
5320,48,Master,Divorced,44051,2,112,20
5048,50,PhD,Single,42767,2,103,53
8146,45,Master,Together,46106,2,90,84
10031,45,PhD,Married,16927,2,104,50
5748,56,Graduation,Married,59754,1,125,96
2134,69,Graduation,Single,53700,1,117,94
1523,48,Graduation,Married,59041,2,94,25
9665,64,PhD,Divorced,54237,1,109,48
4640,54,Graduation,Divorced,70647,1,116,65
3635,59,PhD,Single,52597,1,94,69
3547,52,Master,Together,41021,1,113,12
2456,46,PhD,Married,40233,1,103,84
5633,41,Graduation,Married,50183,2,95,47
7801,62,Graduation,Together,54753,1,101,87
10489,48,Graduation,Married,92955,0,105,35
7011,48,Graduation,Married,33471,1,114,47
2620,47,PhD,Married,34596,1,109,48
3933,41,Graduation,Together,44010,1,115,46
10981,33,Graduation,Married,84219,0,100,27
1734,53,PhD,Together,40706,3,112,37
10995,33,2n Cycle,Married,15716,1,113,8
6357,62,2n Cycle,Divorced,59052,1,102,29
9209,50,Master,Together,80573,0,115,85
10286,59,Graduation,Married,83715,0,99,2
2611,62,Master,Together,82576,0,125,66
1600,56,Master,Married,56962,3,102,60
3308,69,Graduation,Married,35704,2,99,54
5407,67,Graduation,Together,53103,1,101,70
2166,61,2n Cycle,Widow,46779,2,101,55
3955,56,Graduation,Divorced,4861,0,95,20
6634,42,Master,Divorced,33462,1,107,78
3056,43,Graduation,Divorced,63693,1,103,63
5718,71,Graduation,Married,80763,0,105,17
6872,47,PhD,Married,65352,1,105,43
8164,43,PhD,Married,82170,0,102,13
4580,52,Graduation,Married,75759,0,103,46
9305,45,2n Cycle,Single,79689,0,102,65
453,65,PhD,Widow,35340,2,95,1
8545,67,Graduation,Divorced,85683,0,98,6
9850,49,2n Cycle,Married,24884,1,114,32
7378,40,Master,Together,42021,1,117,34
7646,32,Graduation,Single,64449,1,99,70
1640,67,Graduation,Divorced,64587,2,95,49
5184,26,Graduation,Single,34824,0,98,65
8492,43,Graduation,Together,75437,0,104,25
11188,64,Graduation,Together,26091,2,99,84
1212,48,Graduation,Married,52845,1,105,7
9097,65,Graduation,Divorced,46086,1,110,34
10473,65,PhD,Widow,78028,1,116,38
7962,34,PhD,Single,95169,0,104,1
9984,40,2n Cycle,Married,56337,2,110,25
5527,34,Graduation,Together,22434,1,111,25
6374,67,PhD,Married,36930,1,108,50
7453,67,Graduation,Single,36130,1,112,46
8952,68,Master,Married,65569,1,121,96
241,69,Graduation,Together,83844,0,102,57
8975,53,Graduation,Married,19514,2,100,47
6119,58,PhD,Single,36736,2,104,52
5236,42,Graduation,Together,77568,1,117,30
5723,45,PhD,Together,49187,1,90,63
1710,43,Graduation,Single,30168,1,107,51
1970,53,Master,Together,34053,1,116,14
5313,50,Master,Married,38196,2,97,20
10634,70,Master,Married,59412,0,97,56
7010,56,2n Cycle,Married,70924,0,94,41
8562,52,Graduation,Together,54165,0,108,72
3158,48,Graduation,Married,32300,1,111,1
4436,45,Graduation,Single,20180,0,111,27
5287,48,Graduation,Married,34961,1,95,77
2445,47,PhD,Together,28440,1,107,87
6059,68,PhD,Together,64504,3,110,81
4550,55,Master,Together,33564,1,95,51
4240,43,Graduation,Married,17345,1,123,79
8911,54,PhD,Married,56320,1,106,11
3706,43,Graduation,Single,28647,1,105,54
3628,34,Basic,Single,15038,1,112,93
10175,63,PhD,Divorced,32173,1,113,0
8985,57,2n Cycle,Together,68316,1,122,54
5204,50,Graduation,Together,74538,0,107,21
9220,50,Graduation,Single,91700,0,112,58
9888,52,Graduation,Together,68695,0,95,3
5263,44,2n Cycle,Married,31056,1,112,99
1020,48,Graduation,Married,79593,0,89,70
9503,41,Graduation,Single,28071,0,117,65
10613,63,PhD,Together,37334,2,99,44
67,49,Master,Single,46423,2,104,6
6019,50,PhD,Married,37126,1,98,9
5863,68,Graduation,Married,47703,1,108,95
3717,62,Graduation,Married,61180,1,97,70
6730,67,Graduation,Married,38998,2,123,92
10749,30,Graduation,Single,8028,0,116,62
4998,59,Graduation,Together,76081,0,96,85
6287,35,Graduation,Together,34728,1,106,2
5985,56,Master,Single,33168,1,115,0
4754,55,Master,Married,33585,1,104,91
4002,61,PhD,Married,77037,1,103,3
8870,37,Graduation,Together,35196,1,114,68
966,55,Graduation,Married,44529,1,109,98
4767,56,2n Cycle,Married,70924,0,94,41
9725,55,PhD,Together,28764,2,96,16
4475,72,PhD,Married,69098,0,111,82
5740,51,2n Cycle,Divorced,25959,2,111,1
5731,38,Master,Married,27100,1,109,64
7290,36,Graduation,Single,70596,0,121,68
3846,47,Graduation,Married,42557,1,117,98
8104,70,PhD,Married,53312,0,104,32
4507,69,Graduation,Single,72228,0,114,87
11013,34,Graduation,Together,67605,0,110,84
4491,72,Master,Married,62845,2,125,3
3759,63,Graduation,Together,65196,2,106,34
1162,34,PhD,Single,42000,0,104,23
2055,48,PhD,Divorced,35860,2,96,37
10766,57,PhD,Married,65526,1,90,22
4415,60,Graduation,Married,16860,2,114,19
3005,29,Graduation,Single,83528,0,100,7
2223,56,2n Cycle,Divorced,64176,1,123,52
4817,65,Graduation,Divorced,22304,0,122,91
2875,43,Graduation,Married,67023,0,98,93
10536,50,PhD,Together,32892,1,96,78
11112,55,Graduation,Together,70713,1,123,23
3807,66,Graduation,Together,59925,1,114,83
9197,68,Graduation,Married,39722,1,99,92
10832,63,Graduation,Together,46610,0,106,4
6421,60,Graduation,Together,88347,0,111,32
4207,40,PhD,Married,87171,0,113,27
577,45,2n Cycle,Together,26907,2,105,10
10855,53,Master,Single,50014,1,100,9
3081,43,PhD,Married,41014,1,109,65
3535,56,Graduation,Single,66294,0,98,68
247,50,Graduation,Married,36715,1,114,16
8707,65,Graduation,Married,79456,0,117,12
9523,39,Graduation,Together,40479,1,105,95
6072,51,Master,Single,75345,0,112,16
6295,44,Graduation,Married,54233,1,110,46
10914,51,Graduation,Single,24163,2,101,3
1509,63,PhD,Together,84460,0,110,80
5577,38,Graduation,Together,43776,1,99,77
7348,63,PhD,Single,71691,0,98,0
1127,48,PhD,Married,85844,0,96,62
1833,47,PhD,Single,39190,1,97,91
4944,62,Graduation,Together,71367,0,105,24
9080,49,PhD,Single,38578,2,107,2
6466,56,PhD,Married,57236,2,89,22
9964,42,Graduation,Single,61825,1,107,56
4790,63,Graduation,Divorced,79803,1,99,54
10245,35,2n Cycle,Single,80910,0,115,71
1109,39,Master,Together,27590,1,109,38
6001,42,Graduation,Married,56775,1,112,62
5538,46,Graduation,Divorced,83829,0,105,78
10552,42,2n Cycle,Married,54210,1,108,18
1545,35,Graduation,Married,38508,1,112,95
7409,51,Graduation,Together,53187,1,103,66
4444,49,Graduation,Married,30023,1,98,28
146,61,PhD,Single,76045,0,102,78
6271,69,PhD,Married,50870,1,95,13
10065,51,2n Cycle,Married,15315,0,111,27
4741,47,2n Cycle,Married,65463,1,100,17
246,56,Graduation,Married,66480,2,96,71
375,67,Graduation,Divorced,76773,0,111,79
1524,38,2n Cycle,Single,81698,0,113,1
10022,48,PhD,Single,54466,2,92,78
7451,61,Master,Single,98777,0,99,23
11010,37,PhD,Single,16269,1,105,75
4356,50,Graduation,Together,71819,1,105,70
3885,38,PhD,Married,33569,1,103,10
1175,38,Master,Married,36262,0,104,24
880,55,Basic,Together,22634,0,112,47
2320,43,2n Cycle,Married,47025,1,101,98
850,53,Graduation,Single,70566,1,107,4
4713,42,PhD,Married,31605,1,114,15
675,48,Master,Divorced,52034,2,108,67
5025,42,Graduation,Single,48526,1,101,32
2308,67,Graduation,Married,46734,1,114,40
5995,59,Graduation,Divorced,39552,2,113,54
6749,55,Graduation,Single,86358,2,118,78
1010,44,Graduation,Together,46931,3,97,94
8977,36,Basic,Single,16581,0,102,51
4756,69,2n Cycle,Divorced,63998,0,101,42
3412,70,Master,Married,67381,1,112,67
606,54,Graduation,Single,25930,2,103,87
5961,43,Graduation,Married,42693,1,94,29
2975,45,Graduation,Together,85606,1,113,89
2894,36,Graduation,Single,72903,0,103,74
7613,47,2n Cycle,Together,49669,1,96,97
10542,53,PhD,Married,36778,2,121,63
8015,59,PhD,Divorced,85696,0,111,88
10617,32,Master,Divorced,10979,0,96,34
11166,60,Graduation,Married,49678,1,112,81
849,68,Master,Together,56129,1,107,65
523,32,Graduation,Married,37155,1,112,51
4066,43,2n Cycle,Divorced,21282,1,90,76
8414,59,PhD,Single,33419,1,105,76
819,76,Graduation,Widow,63285,0,108,84
4961,47,Master,Together,21255,1,100,56
749,40,Graduation,Together,42162,1,102,31
5430,65,Graduation,Together,54450,2,116,0
7755,67,PhD,Married,57744,1,101,91
10525,35,Graduation,Single,26576,1,115,40
1453,78,PhD,Widow,57513,0,108,59
8310,57,Graduation,Together,68142,1,117,96
10710,42,Graduation,Married,7500,1,117,61
5031,47,Graduation,Together,83145,0,116,14
2613,61,Master,Married,54197,1,99,16
213,58,PhD,Single,23091,2,96,98
967,45,Graduation,Married,46049,2,106,11
1077,47,Graduation,Together,56715,0,121,52
7959,60,Graduation,Married,79410,0,96,19
640,70,Graduation,Married,57304,1,103,61
4252,56,Graduation,Married,44375,1,98,73
8432,65,Graduation,Together,54450,2,116,0
6218,56,Graduation,Married,59594,1,115,74
6905,27,Graduation,Together,80685,0,117,55
5922,47,PhD,Married,40344,1,103,48
3598,49,Graduation,Married,62710,1,108,53
6116,53,2n Cycle,Married,48985,1,109,13
6263,53,Graduation,Together,35322,3,117,34
10486,73,Graduation,Married,77142,0,108,54
2410,52,Graduation,Single,81657,0,100,69
193,25,Basic,Married,14421,0,99,81
3363,47,2n Cycle,Married,20130,0,98,99
8278,31,PhD,Married,74214,0,117,3
10660,64,Master,Married,66726,2,89,61
8686,42,Basic,Together,23724,1,106,65
1604,61,Master,Married,47353,1,102,93
5907,69,Master,Married,33444,2,123,24
10669,40,Graduation,Married,54386,1,108,8
2918,40,Graduation,Divorced,28510,2,109,72
5735,30,Master,Single,90638,0,99,29
359,71,Graduation,Together,48070,1,112,33
8387,64,Graduation,Married,43140,1,109,68
1829,60,PhD,Divorced,54959,1,112,55
3839,63,Basic,Single,15056,2,111,76
9392,50,Graduation,Single,26954,1,93,17
2292,36,Graduation,Single,22327,1,112,94
10466,56,Graduation,Married,44393,2,105,86
9855,69,PhD,Single,62000,1,105,25
4088,59,PhD,Together,31497,1,120,22
5231,47,2n Cycle,Married,45894,2,99,15
590,51,Master,Divorced,78579,0,113,35
8732,52,Master,Widow,67369,1,114,81
2315,61,Graduation,Divorced,58401,1,97,55
3515,69,Graduation,Single,62307,1,99,94
2245,52,Master,Married,43641,2,109,50
6283,53,Master,Divorced,63841,1,109,64
2246,56,2n Cycle,Married,46891,1,113,91
6606,52,Master,Married,70091,1,110,11
5545,49,PhD,Married,78075,0,97,72
7342,60,2n Cycle,Widow,59184,1,117,6
837,44,Graduation,Married,54809,2,102,0
9500,62,Graduation,Married,58113,1,112,66
3602,63,Master,Married,51412,1,101,42
234,42,Graduation,Divorced,15287,1,116,60
2995,64,Master,Together,66636,0,105,64
1118,65,Master,Married,50965,1,111,87
7789,56,PhD,Married,84618,0,102,96
3068,31,Graduation,Married,18351,0,103,1
8955,64,PhD,Together,40451,2,99,54
945,56,Graduation,Together,36317,1,108,53
5644,64,Graduation,Together,42213,1,101,96
7192,66,Graduation,Together,65748,1,109,58
2324,49,Graduation,Together,77044,1,103,12
697,52,Graduation,Together,74918,0,102,78
3439,49,Graduation,Married,56721,2,115,64
1506,46,Graduation,Single,42160,2,107,26
232,56,Graduation,Single,61559,1,106,8
8876,58,PhD,Together,33629,2,118,49
4500,30,PhD,Together,68682,0,107,56
9739,58,Graduation,Single,34377,1,112,55
10395,35,Basic,Single,8940,1,117,25
1176,48,Graduation,Married,26228,1,104,50
1627,64,2n Cycle,Divorced,77297,0,112,84
938,40,Graduation,Married,40211,2,106,30
2740,63,PhD,Widow,33438,2,104,81
257,62,PhD,Married,75032,1,109,74
4058,66,PhD,Single,61284,0,101,76
7736,35,Graduation,Married,22518,1,115,36
8210,46,Master,Married,54730,1,105,64
833,66,Master,Married,38452,2,98,62
6230,50,Graduation,Divorced,44421,2,111,53
7325,35,PhD,Together,38197,1,107,86
1307,43,Graduation,Divorced,41986,1,92,15
1502,38,Graduation,Together,28427,1,110,67
6211,45,PhD,Together,37395,1,99,47
843,50,Graduation,Married,64722,1,96,47
4174,65,Master,Together,55249,1,97,81
9757,49,Graduation,Together,84906,0,109,98
6918,32,Graduation,Married,28691,1,110,56
286,69,Graduation,Single,44213,2,102,48
11086,37,Basic,Single,25707,1,100,18
1921,54,PhD,Married,59062,3,111,74
4138,59,Graduation,Single,76624,1,96,68
7718,74,Master,Together,66000,0,97,36
1291,43,PhD,Together,27683,1,122,90
6862,50,Graduation,Divorced,1730,0,96,65
4136,29,Basic,Single,7500,1,123,63
803,53,Graduation,Together,40521,2,109,82
4298,48,PhD,Together,20427,1,98,63
10833,46,Graduation,Married,65106,1,96,55
9606,56,PhD,Married,69969,0,105,64
8534,69,Graduation,Married,67433,2,106,51
5153,54,PhD,Married,77766,1,111,97
961,49,Graduation,Married,74716,1,101,92
5011,58,Graduation,Divorced,68118,1,103,51
6653,51,PhD,Married,55158,2,118,72
9094,66,2n Cycle,Married,62972,1,123,39
810,46,Graduation,Married,74190,1,89,49
5493,45,Graduation,Married,39356,2,98,21
2147,52,Graduation,Together,76653,0,105,91
5107,48,PhD,Divorced,35860,2,96,37
3979,38,PhD,Divorced,90687,0,108,98
6049,39,Master,Together,73450,0,108,85
8147,61,Graduation,Married,31454,2,108,40
1857,69,Graduation,Single,47139,2,96,2
3910,46,Graduation,Divorced,83829,0,105,78
5207,58,PhD,Married,53378,2,116,41
11114,51,Graduation,Together,19656,1,106,94
5429,73,PhD,Married,45579,1,105,10
9400,63,2n Cycle,Single,85485,0,95,73
1740,77,Graduation,Married,55956,0,94,22
7488,58,Master,Single,64191,1,112,30
195,49,Graduation,Single,38808,1,117,21
635,55,Master,Married,57183,2,110,51
7527,53,Master,Divorced,23748,1,114,97
10319,50,Graduation,Married,66303,1,111,56
2296,46,Master,Married,37368,1,101,4
10637,57,Graduation,Married,40800,3,113,77
2931,43,Graduation,Divorced,71847,0,116,95
907,46,Graduation,Married,46149,1,102,36
3698,38,Graduation,Together,78687,0,117,13
9516,50,2n Cycle,Divorced,49118,0,117,90
679,64,PhD,Married,37633,2,116,49
7384,70,Master,Together,39767,0,106,18
5043,70,Basic,Married,26997,0,121,89
5267,51,Graduation,Divorced,33986,1,110,43
339,49,PhD,Married,57091,1,114,82
2516,52,2n Cycle,Married,46831,2,106,84
9010,49,Master,Married,83151,0,104,80
378,50,Graduation,Married,52531,0,113,68
4808,65,Graduation,Married,15759,0,109,12
5068,50,Graduation,Single,22804,1,106,75
7628,48,2n Cycle,Married,43050,1,98,10
7128,44,PhD,Single,42997,2,106,91
2811,58,PhD,Single,48918,2,89,21
3551,67,Master,Together,60033,1,98,28
1663,43,PhD,Together,34043,1,103,97
5543,55,Graduation,Together,57811,1,107,49
1577,75,Graduation,Married,78569,0,99,14
10641,43,Graduation,Single,7500,2,113,5
5336,50,Master,Together,157733,1,110,37
6024,68,Graduation,Together,94384,0,110,62
1878,36,2n Cycle,Married,23148,0,99,83
3099,51,Graduation,Divorced,44267,2,111,48
6055,42,Graduation,Married,71626,0,125,94
5841,55,Graduation,Together,60894,1,107,61
3972,45,Graduation,Together,50200,2,111,70
4394,56,PhD,Married,81051,0,96,43
5758,39,Graduation,Married,65169,0,100,23
6658,49,Graduation,Together,59868,1,106,37
4603,61,PhD,Married,65695,1,100,50
8427,65,Master,Single,64857,0,114,78
10260,56,Master,Together,45143,1,105,74
7143,66,2n Cycle,Together,74805,1,107,14
8789,32,2n Cycle,Married,59060,1,90,77
6197,59,PhD,Single,27238,2,109,39
4554,56,Graduation,Together,47009,1,112,89
4937,48,2n Cycle,Married,46094,2,91,62
1920,49,Graduation,Married,40321,2,106,59
8749,37,Graduation,Together,37235,1,101,68
1650,61,Master,Married,81843,0,109,13
10377,63,Master,Together,46692,1,108,37
9206,53,Graduation,Together,77382,1,95,36
10971,44,Graduation,Single,37774,2,123,28
6398,47,Basic,Married,18393,1,98,2
9212,59,Master,Married,72828,1,111,17
7937,39,Graduation,Married,24711,0,97,86
839,46,PhD,Married,45503,1,104,54
4246,39,Master,Single,6560,0,101,2
158,76,PhD,Together,71604,0,102,3
4832,42,Graduation,Married,27244,1,95,84
5621,52,Graduation,Married,48752,2,113,8
1945,59,Graduation,Married,71434,1,104,4
5147,73,Graduation,Single,90842,0,106,57
2535,43,Master,Married,88097,1,117,24
11039,46,Graduation,Married,51948,1,104,51
9495,39,Graduation,Together,71853,0,106,29
9635,38,Master,Married,35876,0,97,13
2173,69,Graduation,Widow,40049,1,103,23
942,39,Graduation,Single,39660,1,118,36
9386,59,Graduation,Together,50127,1,96,88
5510,44,Master,Married,43263,1,114,2
873,72,Master,Married,62845,2,125,3
2253,31,Graduation,Married,18929,0,111,15
5181,39,Basic,Single,24367,1,110,58
979,46,Graduation,Single,33249,1,111,11
10390,62,2n Cycle,Married,26887,1,104,27
4698,38,PhD,Married,50150,0,107,32
7793,45,Graduation,Together,62061,1,105,12
1745,59,PhD,Divorced,85696,0,111,88
10590,65,PhD,Together,76542,0,110,91
5080,28,Graduation,Single,70515,0,103,12
8369,34,Graduation,Together,18227,1,118,21
5232,56,Graduation,Married,69139,1,100,23
2407,39,Graduation,Married,69109,0,117,10
3834,59,Graduation,Single,69627,1,110,35
7912,43,Graduation,Married,38136,1,109,69
7712,75,PhD,Single,62159,0,97,68
1065,58,Graduation,Single,80695,0,101,85
7275,50,Master,Single,33316,2,109,34
1343,53,Graduation,Together,58554,2,116,55
1384,29,Basic,Married,17256,1,102,10
9967,47,Graduation,Divorced,53034,2,108,30
6181,71,2n Cycle,Together,52203,0,118,36
10507,44,2n Cycle,Divorced,59601,1,106,14
2674,63,Master,Single,75154,1,122,79
2698,45,Graduation,Single,47025,1,106,52
3231,48,Graduation,Married,37971,1,102,97
4096,53,Master,Divorced,41335,1,101,24
10476,63,Graduation,Married,67267,1,96,0
5948,46,Graduation,Single,57338,1,97,96
9140,61,2n Cycle,Together,50523,2,101,89
10258,56,Master,Single,35791,3,108,94
5675,61,PhD,Divorced,50611,1,122,98
4743,52,PhD,Married,56242,1,111,72
8805,61,Graduation,Single,48904,1,124,1
1542,46,Graduation,Single,56243,3,101,26
6770,36,Graduation,Married,21355,1,105,5
8773,50,Master,Together,57420,1,107,22
10475,51,Master,Together,,1,113,39
10420,66,Master,Divorced,46390,1,96,56
7514,65,2n Cycle,Together,54342,2,111,74
2902,63,Graduation,Together,,2,123,87
4345,57,2n Cycle,Single,,2,89,49
793,48,Graduation,Married,20895,1,120,24
10909,73,Graduation,Married,92344,0,100,9
3769,49,PhD,Together,,1,100,17
8702,45,2n Cycle,Together,26907,2,105,10
4791,41,Graduation,Together,44964,2,113,35
2963,42,Graduation,Together,75507,0,99,56
8216,49,Master,Married,53761,2,102,7
8140,48,Graduation,Together,22682,1,111,51
10146,49,PhD,Together,38887,1,100,17
5289,46,2n Cycle,Single,41658,2,117,30
2587,49,PhD,Married,29791,1,96,21
4405,65,Master,Married,63915,2,106,2
8663,47,Graduation,Divorced,39996,2,96,85
2589,49,Graduation,Divorced,26759,1,95,65
3421,53,Master,Divorced,63841,1,109,64
10490,52,PhD,Married,51039,2,115,11
4094,60,Graduation,Married,60544,2,117,92
9958,49,Graduation,Married,65685,1,98,54
2534,68,Graduation,Married,37716,1,97,4
4188,64,Graduation,Single,36864,1,117,53
6613,51,Master,Married,44511,1,114,39
10827,54,PhD,Married,36947,2,119,49
5491,70,Master,Together,47352,1,103,70
8402,68,Master,Married,67087,1,101,40
8783,71,Graduation,Married,57045,1,118,40
10010,68,PhD,Divorced,36957,2,120,43
618,44,PhD,Married,69389,1,116,17
9121,49,Graduation,Married,80134,1,108,40
361,52,Master,Married,43142,2,99,84
4310,77,Graduation,Married,80589,0,100,25
2678,31,Graduation,Single,34412,1,111,62
6376,42,Graduation,Single,57537,1,104,83
524,55,Basic,Together,22634,0,112,47
10341,73,Graduation,Together,51315,0,99,45
5654,49,Graduation,Married,36026,3,98,34
4098,48,Graduation,Married,24639,2,100,3
5824,49,PhD,Together,34578,3,90,1
7000,49,2n Cycle,Single,65704,0,103,18
2561,55,Graduation,Single,63810,1,114,45
5229,52,PhD,Together,54132,1,99,81
4086,62,Graduation,Married,18690,0,113,77
2428,51,Graduation,Married,28164,1,110,23
8254,47,PhD,Married,34596,1,109,48
2836,49,PhD,Married,43269,1,104,61
8418,63,2n Cycle,Single,38741,2,98,60
1362,49,Graduation,Single,31907,0,110,75
7152,38,Master,Married,27100,1,109,64
10033,48,2n Cycle,Divorced,31163,1,99,54
9349,36,Graduation,Married,92533,0,101,84
274,48,Graduation,Single,34853,2,101,75
3388,54,Graduation,Divorced,70844,2,103,16
922,42,2n Cycle,Married,31086,2,110,79
8588,60,Graduation,Married,60544,2,117,92
2518,35,2n Cycle,Together,20491,0,112,16
574,57,Graduation,Married,42523,0,97,96
3220,38,Graduation,Married,39922,1,111,30
5967,69,Graduation,Together,33402,2,106,60
1183,72,Master,Married,36408,2,104,11
6856,42,Graduation,Together,21645,1,123,75
4530,73,Master,Widow,78427,0,115,36
1553,75,Graduation,Together,82657,0,104,71
4682,63,Graduation,Married,51876,0,103,88
8204,50,2n Cycle,Married,78041,0,113,93
5221,64,Graduation,Married,52852,1,125,93
1232,39,PhD,Together,70038,0,103,54
1927,48,2n Cycle,Together,69401,1,98,41
5788,49,Graduation,Together,46053,1,111,46
6652,56,Graduation,Married,77343,0,92,28
6246,68,Graduation,Single,73892,0,102,40
5975,54,PhD,Single,40304,1,104,82
6875,56,PhD,Together,32727,0,117,38
4399,52,Graduation,Together,68695,0,95,3
4042,50,Graduation,Divorced,43300,1,115,87
2157,49,Graduation,Together,26290,2,102,49
10133,51,Graduation,Single,93790,0,89,16
2525,47,PhD,Married,38410,0,116,65
8233,71,Master,Widow,64866,1,100,9
9483,62,Graduation,Together,57957,1,105,24
2945,66,PhD,Together,46015,2,97,25
10403,43,Graduation,Together,16531,1,95,43
5074,35,Master,Married,28072,1,106,10
10524,58,Master,Divorced,49476,1,107,29
4690,68,Graduation,Married,50725,1,111,45
7521,69,Graduation,Together,83844,0,102,57
7196,71,PhD,Married,41145,2,94,20
4406,51,Graduation,Together,67419,1,112,29
9672,51,2n Cycle,Married,23162,2,101,82
4864,44,Graduation,Married,34380,1,112,68
4706,55,Graduation,Single,34704,1,109,65
4070,52,PhD,Married,94871,2,125,99
25,63,Graduation,Married,65148,1,114,9
3697,67,Graduation,Together,39898,1,102,20
217,65,Master,Single,64857,0,114,78
4220,51,PhD,Married,59892,1,111,26
5286,34,Master,Single,41020,0,103,68
9559,60,PhD,Married,57072,1,100,79
2849,42,Graduation,Single,60474,1,113,25
7787,61,Graduation,Together,62807,1,117,83
3102,40,2n Cycle,Together,19414,1,103,32
5868,41,Graduation,Married,19107,1,105,49
8370,45,2n Cycle,Together,75484,1,124,50
9988,45,Master,Single,70379,1,111,84
2939,51,Master,Together,79419,0,95,96
5529,75,PhD,Together,64014,3,91,56
9743,66,Graduation,Married,76998,1,103,85
5763,49,Master,Together,49854,1,103,63
3478,50,PhD,Married,60585,2,107,17
7494,71,PhD,Divorced,42873,2,112,11
1763,33,Graduation,Together,87679,0,106,62
7250,43,Graduation,Together,57867,1,112,48
2005,31,Graduation,Married,35765,1,102,86
10770,62,Graduation,Married,65492,0,100,73
6885,44,Graduation,Divorced,32952,1,112,36
2072,52,PhD,Together,53374,1,117,34
9463,62,Graduation,Together,71706,1,114,16
6318,33,Graduation,Married,68487,0,112,48
4093,46,Master,Together,53253,2,103,61
5751,48,2n Cycle,Divorced,31163,1,99,54
3340,44,Graduation,Married,42014,1,117,56
3594,48,Master,Married,54108,2,121,74
3584,66,PhD,Single,49667,0,117,35
3643,47,Master,Married,63206,0,98,65
851,49,Master,Married,57136,2,104,48
7706,46,2n Cycle,Together,46772,1,119,88
3967,50,PhD,Married,78931,0,103,19
10128,63,Graduation,Together,53977,1,106,21
486,33,Graduation,Married,84219,0,100,27
9,46,Master,Single,46098,2,117,86
9451,56,Graduation,Married,73538,1,114,92
9264,35,Graduation,Married,79529,0,97,1
3865,44,2n Cycle,Together,20981,0,109,14
2853,41,Graduation,Single,51766,1,90,74
1490,59,Graduation,Married,55759,1,114,84
6310,43,Graduation,Married,33039,1,104,4
10380,49,Master,Married,37787,1,104,50
3887,51,Graduation,Single,27242,1,114,2
4278,38,PhD,Single,87188,0,111,73
8643,50,Graduation,Together,69930,0,108,21
1998,45,Graduation,Single,37697,1,95,82
10795,48,PhD,Married,37401,1,95,14
11110,48,Graduation,Single,3502,1,109,56
2408,45,Graduation,Married,58597,2,114,20
202,73,PhD,Widow,82032,0,97,54
7998,63,Graduation,Together,28087,2,114,77
830,34,PhD,Single,74004,0,99,5
3536,61,Graduation,Together,19740,1,110,65
6050,46,2n Cycle,Married,57036,1,114,33
125,63,2n Cycle,Together,53083,2,108,65
3463,46,PhD,Married,69283,1,95,41
2804,46,Master,Single,46098,2,117,86
3745,33,2n Cycle,Married,23331,1,122,92
9771,33,2n Cycle,Single,23331,1,121,97
451,32,Graduation,Single,9255,1,101,91
10530,62,PhD,Widow,67786,0,106,0
1079,50,PhD,Married,71969,1,115,59
8920,54,Master,Single,59235,1,102,4
6678,32,Graduation,Together,31928,1,98,5
3852,60,Master,Together,74881,2,106,48
528,43,Graduation,Married,65819,0,114,99
73,68,PhD,Single,51411,3,108,81
5589,57,Graduation,Divorced,51983,1,117,95
10212,35,Master,Together,42386,1,112,43
6365,34,2n Cycle,Married,30390,0,111,5
5636,58,Graduation,Single,30983,0,117,50
591,64,Graduation,Widow,66033,1,112,76
2217,46,2n Cycle,Married,37284,2,110,46
2544,70,Master,Divorced,57530,1,101,68
7725,56,2n Cycle,Married,76800,0,93,33
8091,65,Graduation,Married,63943,1,124,50
7321,59,Graduation,Together,76081,0,96,85
5462,47,Graduation,Married,67445,1,114,63
7791,54,Master,Married,37054,2,104,89
955,59,Master,Together,47175,2,115,81
4037,45,Graduation,Divorced,31859,1,107,77
6642,60,Graduation,Divorced,27215,3,112,50
2793,45,PhD,Divorced,70179,1,106,10
5424,38,Graduation,Married,39922,1,111,30
879,45,Master,Married,49681,2,109,66
9530,33,Graduation,Married,24645,1,125,16
4828,67,Graduation,Divorced,79865,1,95,12
10699,36,Graduation,Married,44322,1,95,30
1497,69,Graduation,Single,47958,1,112,8
7476,57,Master,Single,63972,1,124,93
4390,67,Graduation,Together,75315,1,97,14
10478,71,PhD,Married,55517,2,116,53
1081,64,PhD,Married,75283,3,110,26
4261,75,PhD,Single,82800,0,114,23
9916,67,Graduation,Married,38998,2,123,92
5350,30,Master,Single,90638,0,99,29
8135,35,Master,Married,27161,1,103,41
8685,44,Graduation,Married,42014,1,117,56
4967,61,PhD,Together,38201,1,110,19
2130,39,Graduation,Together,45203,2,98,4
9298,74,PhD,Together,81574,0,97,89
8175,29,Graduation,Married,34935,0,107,71
6257,45,Master,Single,60482,1,112,81
3790,65,Graduation,Together,34633,3,100,31
9952,74,Master,Together,78093,0,102,53
3503,71,Graduation,Divorced,82460,0,111,78
5223,55,Master,Together,45903,1,97,80
4608,34,Graduation,Divorced,81361,0,99,18
1626,48,PhD,Divorced,35860,2,96,37
4764,69,Master,Together,40442,2,117,52
2471,56,Graduation,Married,61482,0,95,39
5892,41,Graduation,Married,34968,1,104,11
2612,34,Graduation,Married,75794,0,101,33
4971,59,PhD,Together,31497,1,120,22
5185,66,Graduation,Married,74268,0,111,83
10069,33,Basic,Together,13724,1,117,43
2262,56,Master,Together,45143,1,105,74
1131,54,PhD,Single,52569,1,97,54
1041,48,PhD,Single,48432,1,115,3
24,61,Master,Together,17144,2,99,96
3409,37,Graduation,Single,36108,1,103,68
7022,50,Graduation,Married,76445,1,116,2
7943,46,PhD,Married,36663,1,97,40
5272,56,Master,Married,53843,1,107,64
5453,65,Master,Married,90226,0,116,26
2565,66,Master,Divorced,70638,0,113,69
800,61,Graduation,Together,44512,2,105,57
11092,60,Graduation,Married,27116,2,100,78
5062,58,PhD,Married,54072,2,106,71
8969,44,Graduation,Married,71855,1,112,59
4656,31,2n Cycle,Single,51250,1,110,28
4480,48,Master,Married,60432,1,92,61
9971,57,PhD,Married,65526,1,90,22
6729,33,Graduation,Single,68655,0,116,95
1773,43,2n Cycle,Married,12393,0,122,38
9242,31,Graduation,Single,64509,0,105,19
1764,46,Graduation,Single,33955,1,104,92
6215,44,Graduation,Married,31353,2,101,24
10099,37,Graduation,Married,55434,1,108,21
5423,38,Graduation,Together,28359,1,103,35
940,34,Graduation,Single,57100,1,96,9
3011,56,Graduation,Married,69139,1,100,23
3298,65,Master,Married,52973,1,118,92
8286,56,PhD,Together,51717,1,105,55
9668,50,Graduation,Married,18793,1,102,14
5120,39,2n Cycle,Together,66664,0,116,78
6097,62,Graduation,Single,50664,2,112,64
7019,58,Graduation,Together,54414,2,112,49
7408,69,PhD,Married,54549,1,99,8
8041,50,PhD,Widow,47111,1,118,35
252,58,PhD,Divorced,41003,0,110,11
9986,39,Graduation,Together,19444,1,99,8
3276,45,2n Cycle,Together,36301,1,103,53
3859,74,PhD,Together,73059,1,105,36
3570,52,PhD,Together,42731,1,103,64
3783,62,PhD,Married,52854,2,98,43
10207,43,Graduation,Together,22775,1,107,40
10906,73,PhD,Together,46681,2,105,52
3427,66,PhD,Married,59821,1,102,11
5209,67,Graduation,Divorced,50002,1,107,21
10711,76,Graduation,Married,69755,0,111,23
10785,52,Graduation,Married,44078,2,95,17
2814,45,Master,Together,30560,1,107,6
6866,52,Master,Together,35924,2,98,56
1665,57,PhD,Divorced,64140,2,104,71
6575,40,Graduation,Together,56386,2,115,51
3829,42,Basic,Together,24594,1,103,94
3091,40,2n Cycle,Together,75774,1,99,27
10141,61,Master,Divorced,39228,0,104,1
5177,47,Master,Married,58494,1,101,56
7005,40,Graduation,Single,58684,0,95,71
6409,54,Graduation,Divorced,57136,0,108,18
7485,71,PhD,Widow,56551,2,94,48
8079,39,Graduation,Married,22448,1,99,86
8395,60,Graduation,Single,82014,0,117,48
10352,58,Graduation,Widow,34213,2,119,2
4931,44,Graduation,Together,157146,0,109,13
13,74,PhD,Widow,25358,1,106,57
1834,43,Master,Single,35544,1,93,77
2285,67,Master,Together,36634,1,108,0
2295,67,PhD,Married,62670,1,100,57
1378,49,2n Cycle,Together,50334,1,106,24
2781,40,Graduation,Single,72066,0,95,55
1165,63,PhD,Single,50729,2,112,62
1404,53,Graduation,Together,34916,2,108,89
6457,45,Graduation,Divorced,64892,1,96,77
2639,55,Graduation,Single,43602,2,92,45
8299,32,PhD,Single,33996,0,102,46
6437,36,2n Cycle,Single,41473,1,107,80
6912,54,PhD,Married,63246,2,105,60
7327,62,PhD,Married,36732,2,101,71
5299,51,PhD,Married,69084,1,102,43
4127,54,PhD,Married,77766,1,111,97
8143,36,PhD,Single,37929,0,106,49
1964,70,Graduation,Together,86610,0,109,66
3690,35,Master,Married,80141,0,103,20
3433,66,2n Cycle,Married,72635,0,111,54
3389,51,Graduation,Married,69016,1,114,61
4712,30,2n Cycle,Together,20193,0,114,18
1170,46,Graduation,Married,27573,1,110,45
6347,42,Basic,Single,15862,1,107,26
4065,45,PhD,Married,49544,1,102,0
8230,41,Graduation,Married,33228,1,100,28
1215,43,Graduation,Together,70440,0,105,49
5939,50,Graduation,Together,38232,2,100,84
2156,66,PhD,Married,22554,2,123,38
7788,38,PhD,Married,23536,1,97,53
10323,69,Graduation,Married,49413,1,103,88
7947,52,Graduation,Married,42231,2,98,99
1891,41,Master,Divorced,78789,0,118,12
2570,53,Graduation,Together,56534,1,106,35
9256,50,Graduation,Single,58350,1,110,5
295,32,Graduation,Single,81217,0,106,77
7397,70,Graduation,Single,49090,1,106,45
6349,34,Master,Divorced,61787,0,108,71
10790,36,PhD,Married,18169,1,111,40
10398,40,2n Cycle,Single,24336,1,117,82
2431,31,Graduation,Married,18222,0,113,70
550,69,Graduation,Divorced,62335,1,108,87
1890,50,2n Cycle,Together,42033,2,116,95
10742,38,PhD,Married,86580,0,111,72
10356,64,PhD,Divorced,41437,2,116,5
4676,70,Master,Widow,73705,2,97,86
8852,45,Graduation,Married,61064,1,117,80
3565,66,Master,Married,38452,2,98,62
5294,32,Graduation,Single,18358,1,102,49
1958,48,PhD,Together,55012,1,98,85
7349,48,Basic,Together,9722,1,124,7
8799,37,PhD,Married,38175,1,104,6
1351,65,Master,Together,58656,1,116,25
1045,56,Graduation,Together,52117,1,117,55
7732,43,Graduation,Married,64813,1,100,81
8070,48,PhD,Married,54222,1,101,98
477,35,Graduation,Married,83512,0,95,31
7832,62,Master,Married,77520,1,105,30
2202,43,Graduation,Together,41154,1,105,98
7396,55,Graduation,Married,80398,0,116,92
4055,29,Basic,Single,18746,1,96,41
10340,37,Graduation,Together,35196,1,114,68
10091,65,Graduation,Single,60230,1,108,78
7629,44,Graduation,Married,22108,2,93,46
10640,47,Graduation,Together,44392,2,109,71
3498,45,PhD,Married,55424,1,114,6
6742,42,Graduation,Married,17688,1,112,82
1172,38,PhD,Married,92491,0,113,71
569,30,Graduation,Single,90273,0,101,32
4686,59,PhD,Widow,82571,0,99,28
1381,39,PhD,Single,38513,1,100,20
2634,42,Master,Single,16653,1,97,10
10905,66,Graduation,Together,42586,2,115,7
1744,56,Basic,Single,23529,1,107,67
1000,60,Master,Together,74881,2,106,48
3828,70,Graduation,Married,71107,1,111,61
8605,57,PhD,Together,46910,2,98,36
10304,62,Graduation,Married,18690,0,113,77
4351,66,Graduation,Divorced,37244,2,109,90
10129,55,Graduation,Together,82427,0,89,35
2499,63,2n Cycle,Single,75342,1,108,38
10092,67,Graduation,Divorced,70044,1,111,46
7500,54,Graduation,Single,79146,2,97,33
5796,58,Graduation,Married,77437,0,102,70
10556,62,Graduation,Married,54984,1,96,51
1064,50,PhD,Married,42403,1,102,18
48,57,Graduation,Together,55761,1,97,97
7610,38,Graduation,Together,37292,1,109,32
263,76,PhD,Single,45576,0,96,9
10814,74,Graduation,Together,70321,0,112,6
9710,52,PhD,Divorced,58086,1,112,80
9292,69,Graduation,Married,81795,0,115,74
10250,74,Basic,Together,28389,0,114,49
7881,75,Master,Married,66835,0,104,21
5847,52,Graduation,Divorced,69901,1,108,95
737,72,PhD,Married,80360,0,111,56
3571,60,PhD,Together,63342,1,115,48
7807,47,Graduation,Married,44989,1,114,26
3878,41,2n Cycle,Single,31859,1,99,3
5092,72,PhD,Widow,51569,1,102,39
2154,50,Graduation,Widow,30372,2,113,33
5394,42,Basic,Single,16014,2,110,42
3798,53,Graduation,Married,41120,2,107,80
3524,50,Master,Single,39763,1,110,9
5247,66,PhD,Married,38725,2,91,52
5883,49,Graduation,Married,77981,1,108,78
2118,57,2n Cycle,Married,62905,1,103,68
8812,42,2n Cycle,Divorced,13533,1,104,45
6616,46,Graduation,Together,59481,1,103,47
2797,44,Graduation,Married,72117,1,105,34
4328,35,2n Cycle,Married,21955,1,106,81
9167,65,Graduation,Married,67131,1,110,72
10560,41,PhD,Single,36802,1,95,23
2631,39,Graduation,Together,71853,0,106,29
8312,60,Basic,Married,28249,0,95,80
5534,46,Master,Married,47808,1,103,30
5093,47,PhD,Divorced,25509,1,116,15
7592,75,PhD,Married,51012,0,109,86
8895,36,Graduation,Single,70596,0,121,68
8584,69,PhD,Together,85431,0,106,54
2694,54,Graduation,Married,42664,1,98,44
8910,66,Graduation,Together,42586,2,115,7
7433,36,Graduation,Single,29760,1,117,87
164,44,PhD,Married,28973,0,115,59
10477,48,PhD,Together,39435,1,108,16
2681,37,2n Cycle,Married,65370,0,113,1
5150,42,Basic,Single,20194,1,113,64
5283,45,PhD,Single,42473,2,99,72
9645,53,Graduation,Married,64590,0,115,98
10678,62,Graduation,Together,71232,1,102,91
7261,50,Graduation,Together,34600,2,113,8
9648,54,Graduation,Single,46904,2,123,20
2870,48,Graduation,Married,49094,1,116,6
8008,38,Graduation,Together,36075,1,104,54
1513,42,2n Cycle,Together,60839,2,117,72
6173,42,Graduation,Together,77298,1,111,46
1419,71,Graduation,Together,34026,2,109,11
9150,58,PhD,Single,48918,2,89,21
7960,59,2n Cycle,Together,82122,0,105,89
1250,45,Graduation,Single,37697,1,95,82
9905,69,Graduation,Together,34074,2,106,69
10691,61,Master,Married,28520,2,107,55
7002,66,Graduation,Single,62535,1,111,13
2952,44,Master,Single,36273,1,97,80
8439,57,Graduation,Together,63404,2,95,97
762,40,2n Cycle,Together,75774,1,99,27
2831,45,Graduation,Together,78416,1,95,99
6977,47,Graduation,Together,75702,1,115,87
6289,70,Master,Together,59385,2,109,85
4168,55,Graduation,Single,37070,2,110,30
8397,70,Graduation,Married,44689,2,92,82
9284,63,Graduation,Together,53977,1,106,21
6237,55,PhD,Single,7144,2,106,92
3130,57,Graduation,Single,18701,2,110,95
1619,65,Graduation,Married,90369,0,97,2
1990,47,PhD,Single,63159,0,121,74
5513,55,Graduation,Together,37758,2,122,49
269,58,PhD,Single,46757,1,114,71
8093,52,Master,Married,79734,0,95,72
10513,29,Graduation,Together,63207,0,112,68
10177,67,Graduation,Divorced,72071,1,111,4
2549,38,PhD,Together,21840,1,106,80
5782,39,2n Cycle,Together,58582,1,104,15
10057,70,Graduation,Single,72282,0,106,70
10307,65,Graduation,Married,50387,2,105,91
8566,60,PhD,Together,32583,2,95,10
2415,59,Graduation,Together,62568,1,94,99
5684,50,Master,Divorced,44635,2,102,25
8334,50,Master,Single,33316,2,109,34
9166,53,Graduation,Married,63967,1,104,57
1440,43,2n Cycle,Together,52513,0,122,84
78,52,Graduation,Married,25293,1,104,51
5441,56,PhD,Widow,54111,1,105,97
5302,35,Graduation,Together,78394,0,111,13
4687,63,Master,Married,80739,0,108,92
1087,46,Master,Together,22669,1,108,30
6859,34,Graduation,Single,29236,1,105,30
9860,62,Graduation,Together,44911,1,110,11
7129,59,PhD,Married,54693,1,111,72
5866,47,Graduation,Together,48186,1,98,39
10521,44,Graduation,Married,54809,2,102,0
7393,43,Graduation,Together,41580,2,115,15
7849,51,PhD,Married,80336,0,104,12
332,64,Graduation,Married,47743,1,110,56
9847,66,2n Cycle,Married,62972,1,123,39
531,67,PhD,Divorced,57333,1,116,55
9576,39,PhD,Together,32313,1,103,60
6906,68,Master,Widow,84953,0,111,73
7419,53,Master,Divorced,27071,1,97,90
3170,64,Master,Together,68148,0,105,86
8527,56,Master,Together,65735,2,106,37
7872,46,PhD,Married,86836,0,114,7
9931,58,PhD,Married,4023,2,95,29
10595,31,Graduation,Married,30093,0,106,19
4609,55,PhD,Married,57705,1,90,14
5010,33,Graduation,Single,25008,1,100,72
4427,26,2n Cycle,Single,83257,0,116,56
11148,46,Graduation,Together,22280,1,108,85
1168,43,PhD,Married,72159,0,115,62
9595,60,Graduation,Together,64260,0,103,1
10163,37,PhD,Single,82733,0,103,28
2886,50,Master,Divorced,74290,1,101,70
6710,70,Master,Single,58217,3,114,84
5316,45,Master,Together,21024,0,110,89
9029,49,PhD,Married,70116,0,112,73
521,36,Graduation,Together,54006,1,116,42
1459,55,PhD,Married,69063,1,119,16
10241,46,2n Cycle,Divorced,11448,0,101,16
1630,42,Graduation,Single,61825,1,107,56
3254,50,Graduation,Married,70886,1,103,65
9064,39,Graduation,Married,69109,0,117,10
3678,48,Graduation,Widow,60208,2,119,13
4227,53,Master,Together,32889,2,107,78
9467,37,Graduation,Single,34738,1,90,51
8486,50,Master,Together,30538,1,125,27
2186,44,2n Cycle,Together,82326,0,91,30
3286,54,PhD,Divorced,26642,1,101,71
8602,57,Graduation,Divorced,69932,1,101,97
3722,49,Graduation,Single,44503,2,97,83
6715,73,PhD,Single,60200,1,112,3
4796,69,Graduation,Divorced,49638,1,97,71
9612,34,2n Cycle,Single,23830,0,95,3
3766,62,Master,Widow,33051,0,117,15
1399,63,Graduation,Married,72905,0,100,52
1570,70,PhD,Together,69702,1,111,8
3426,46,Graduation,Divorced,70300,1,106,89
3074,37,PhD,Married,70643,0,115,66
8341,52,PhD,Married,30396,1,97,22
5180,53,PhD,Divorced,50616,1,97,56
6461,52,Master,Single,62772,1,108,74
7679,36,PhD,Single,30298,0,96,48
10702,37,Graduation,Single,52413,1,123,67
7505,64,PhD,Married,44155,2,100,24
5113,50,PhD,Divorced,86979,0,106,67
10858,46,Graduation,Together,76532,2,104,38
2961,39,Graduation,Married,42081,1,111,86
2747,33,PhD,Married,67546,0,117,90
3010,32,Master,Together,88420,0,99,87
5790,36,Graduation,Married,31158,1,112,62
6892,53,Graduation,Divorced,61671,1,98,23
1743,47,Graduation,Single,69719,0,96,99
3578,72,Graduation,Divorced,49160,1,103,29
8462,43,Basic,Together,24882,1,117,52
5558,67,PhD,Single,90933,0,98,90
4619,76,PhD,Single,113734,0,96,9
8780,71,PhD,Together,59292,1,107,71
10789,57,PhD,Married,45759,2,111,13
10779,38,Graduation,Single,22148,0,97,16
5896,34,Master,Married,73395,0,98,94
2337,50,Graduation,Divorced,29819,1,103,77
10951,53,Graduation,Married,45688,1,100,20
544,67,Graduation,Married,62820,0,103,51
17,50,PhD,Married,60491,1,107,81
10680,35,Graduation,Together,33235,1,97,71
3265,62,Graduation,Married,35701,0,110,36
5623,41,Master,Married,31535,1,104,95
5832,61,2n Cycle,Together,92556,0,97,32
5544,51,Graduation,Single,67384,1,116,32
6417,50,Master,Together,80573,0,115,85
5831,54,Graduation,Married,77870,1,117,93
7101,58,PhD,Widow,52278,1,112,24
10176,53,Graduation,Single,57107,1,117,44
2326,31,Graduation,Married,18929,0,111,15
4385,40,PhD,Single,36038,1,108,82
2929,45,Graduation,Single,20180,0,111,27
10686,56,PhD,Together,34230,2,113,72
2546,44,2n Cycle,Single,31878,1,95,7
3283,49,2n Cycle,Married,70932,1,100,57
3138,65,Graduation,Single,91249,0,115,84
4994,78,Master,Single,77598,0,112,53
7966,62,Graduation,Single,80982,2,106,48
3112,44,Master,Married,22701,1,109,2
10872,52,PhD,Married,55212,1,114,65
2181,51,Graduation,Married,70617,0,107,45
1867,64,Graduation,Single,64849,0,114,42
1518,56,Master,Married,62694,2,107,29
5734,47,PhD,Married,61917,2,102,83
2878,74,PhD,Married,67472,1,104,93
1458,39,Master,Married,21059,1,95,40
7007,53,Master,Married,29543,2,101,47
6200,70,Graduation,Married,75903,1,106,50
1403,46,2n Cycle,Together,34984,2,120,40
4827,65,PhD,Single,54998,1,104,3
6250,72,PhD,Widow,54356,1,114,62
9291,62,Master,Married,34242,1,98,25
2478,48,Graduation,Married,25410,1,105,48
1139,37,PhD,Married,73356,0,96,56
5138,71,Graduation,Together,28320,1,112,68
5393,44,Graduation,Single,23763,1,119,64
10413,37,Graduation,Married,72570,0,97,67
5015,45,Master,Married,34529,1,116,94
10868,70,Graduation,Widow,70792,0,108,82
10676,39,Graduation,Married,63211,0,124,3
2495,47,Master,Married,83891,1,95,24
7842,53,Graduation,Single,36065,2,110,54
9955,67,Graduation,Together,39898,1,102,20
6663,81,PhD,Single,51141,0,106,96
2162,45,Graduation,Married,56939,1,104,19
3434,70,Graduation,Single,80872,0,89,60
7919,45,PhD,Together,72335,0,117,2
5626,57,PhD,Single,61798,0,102,13
6428,71,PhD,Widow,76842,0,99,37
8514,45,Graduation,Together,29478,1,100,59
10448,65,Graduation,Single,46998,1,115,55
2109,31,Graduation,Single,96843,0,109,60
7530,71,PhD,Widow,56551,2,94,48
8925,56,Master,Married,70053,1,111,38
3009,59,PhD,Widow,71670,0,104,8
6355,43,Graduation,Married,44359,2,95,19
3517,69,Graduation,Single,40887,2,108,32
1158,55,Graduation,Divorced,48877,1,97,27
6203,74,Graduation,Together,74485,0,105,58
7165,49,Graduation,Together,64474,1,103,59
3595,58,Graduation,Together,77226,1,99,29
8537,72,Graduation,Widow,72643,0,111,60
4331,43,Master,Together,85738,0,100,41
6281,55,Graduation,Divorced,55686,1,111,27
4338,38,Graduation,Single,39062,1,98,28
2452,50,Graduation,Together,34600,2,113,8
9507,46,Graduation,Married,40794,1,107,18
8360,50,2n Cycle,Married,54690,2,106,76
10311,52,Graduation,Married,4428,1,108,0
5117,58,2n Cycle,Married,32632,0,124,32
4867,53,PhD,Single,38236,2,104,2
9289,42,Graduation,Married,36781,1,91,16
10913,37,Master,Single,31385,1,121,56
3032,37,Graduation,Married,24570,1,111,97
8524,47,PhD,Divorced,25509,1,116,15
3334,70,Graduation,Married,94642,0,89,35
4470,59,Master,Married,58646,1,104,3
1406,46,Graduation,Single,53201,2,102,49
8619,64,Graduation,Together,21994,1,113,4
10821,43,Graduation,Married,57113,2,108,45
4552,30,Graduation,Married,51373,0,107,37
898,35,Graduation,Married,23477,1,103,39
9797,65,Graduation,Married,58116,1,97,38
10949,58,PhD,Divorced,72968,0,101,8
8212,50,Master,Married,39791,1,110,89
6248,74,Master,Single,91712,0,103,47
10164,63,Graduation,Single,94472,1,99,75
4547,61,Graduation,Together,13672,2,109,86
6815,41,2n Cycle,Married,96547,0,96,4
4122,46,Graduation,Married,79205,0,117,73
10841,46,PhD,Together,56559,1,113,46
5370,48,PhD,Married,32644,1,112,38
176,41,2n Cycle,Single,67506,1,100,73
4860,51,Graduation,Single,24206,1,106,66
10757,54,PhD,Divorced,28420,1,101,36
4023,51,Graduation,Married,22979,1,120,29
6679,55,Graduation,Single,33279,0,89,29
9923,49,Master,Single,46423,2,104,6
7181,44,Graduation,Married,30368,1,106,97
3599,51,Graduation,Married,63684,1,114,61
405,57,Graduation,Divorced,41638,1,111,68
6870,62,PhD,Divorced,68805,1,104,73
832,55,PhD,Together,65814,1,100,90
2002,63,Graduation,Divorced,71964,0,108,81
3657,35,Graduation,Single,39146,1,111,1
500,44,Graduation,Together,96876,0,108,79
1951,40,Basic,Married,34445,0,112,92
3262,63,Graduation,Single,68281,0,119,31
4102,46,2n Cycle,Married,37284,2,110,46
7042,38,Graduation,Married,36790,0,113,14
10598,54,Graduation,Together,27943,2,109,89
255,70,Graduation,Divorced,22263,2,98,31
2375,49,Graduation,Together,30261,3,116,75
9829,43,Graduation,Together,28587,1,89,42
6214,39,Master,Married,43815,1,109,53
4954,65,Graduation,Married,48195,2,100,53
7861,69,Master,Married,77027,1,97,23
4837,56,PhD,Married,71322,1,111,57
9423,42,Master,Married,32765,1,99,49
4198,56,Graduation,Together,29672,2,102,6
153,68,Graduation,Divorced,23272,0,103,29
9323,72,Master,Together,49912,1,119,5
10001,36,2n Cycle,Together,7500,1,125,98
3945,74,PhD,Widow,68117,1,104,80
3799,66,Graduation,Married,67225,1,102,4
8625,45,Graduation,Married,17649,1,101,70
3491,46,Graduation,Together,55914,1,109,32
983,37,Graduation,Married,40059,1,104,82
9119,71,Graduation,Together,60905,1,108,27
4786,44,Graduation,Married,75330,2,122,94
5872,70,Graduation,Single,60689,1,113,23
6568,37,Graduation,Married,38680,1,110,97
5628,39,Graduation,Together,61416,0,106,25
5631,30,Graduation,Single,49767,0,112,92
4974,51,Graduation,Single,83273,3,116,98
8416,40,Graduation,Married,29009,1,102,19
5454,42,Master,Married,45057,1,112,80
4095,50,Graduation,Married,37150,1,115,80
5474,51,Graduation,Single,43020,1,102,79
4268,62,Graduation,Married,53154,1,92,50
10701,48,Graduation,Married,65308,0,102,60
3507,51,Graduation,Single,76467,1,117,44
2079,74,2n Cycle,Married,81044,0,101,0
626,70,Graduation,Married,32871,2,105,28
4426,46,Graduation,Single,55801,2,104,35
2591,62,Graduation,Widow,76320,1,95,49
10509,66,Master,Single,36927,2,99,46
6382,68,Graduation,Together,48794,2,95,97
6673,56,Graduation,Single,23478,0,110,51
7441,48,Graduation,Divorced,71128,1,120,80
1071,45,PhD,Divorced,70179,1,106,10
10061,71,Graduation,Married,59462,1,109,29
7187,52,Master,Together,,2,108,52
8775,52,Graduation,Together,38361,1,101,74
1612,40,PhD,Single,,1,108,82
2345,39,PhD,Together,70038,0,103,54
322,43,Graduation,Together,42554,2,102,93
10897,47,Graduation,Married,67445,1,114,63
123,70,Graduation,Widow,67046,1,108,92
6103,73,Graduation,Married,42192,0,107,40
7899,69,PhD,Married,77610,1,115,70
10500,37,Graduation,Married,31761,1,97,96
1655,42,Graduation,Together,34350,1,103,81
2406,72,Graduation,Together,54591,1,109,63
2712,65,Graduation,Married,71866,1,101,85
5517,52,Graduation,Married,25293,1,104,51
10643,34,PhD,Single,42000,0,104,23
2254,38,Graduation,Married,69520,0,107,95
10281,51,Graduation,Divorced,64713,1,95,11
6958,44,Master,Married,27889,1,109,42
954,61,Basic,Widow,22123,0,98,77
5079,50,Graduation,Married,,2,111,82
10339,67,Master,Together,,1,107,83
4643,48,Graduation,Married,27803,1,117,40
3117,66,Graduation,Single,,1,103,95
6497,61,Graduation,Married,51651,1,119,32
5396,33,Graduation,Married,68487,0,112,48
5250,78,Master,Widow,,0,103,75
1052,52,Graduation,Married,56796,1,111,24
2802,29,2n Cycle,Married,87000,0,113,61
6343,62,Graduation,Married,79823,1,98,6
6507,41,Graduation,Single,30828,1,109,16
7901,50,Master,Married,34109,1,107,39
4865,47,Master,Divorced,53367,2,105,2
2686,52,Basic,Together,22390,0,103,49
3107,45,Graduation,Together,71322,1,99,31
7734,28,Graduation,Absurd,79244,0,113,58
1146,72,Master,Together,49912,1,119,5
11031,71,PhD,Married,48699,2,108,90
7428,46,Graduation,Together,80144,0,104,47
975,65,Graduation,Single,54252,2,108,25
1103,45,Master,Married,81929,1,116,60
3422,46,Graduation,Married,76068,1,114,67
1055,45,Master,Married,53204,2,98,40
6544,72,PhD,Together,67911,1,96,63
1241,37,2n Cycle,Married,14796,1,116,1
2909,47,PhD,Married,78128,1,99,89
5802,49,Basic,Married,14188,0,111,40
1407,35,Basic,Married,20425,1,115,5
6183,59,Master,Married,58646,1,104,3
340,51,Graduation,Divorced,72967,1,113,1
5991,72,Master,Married,48150,1,106,24
3104,60,Graduation,Single,82332,0,116,89
9729,66,Graduation,Widow,58275,2,112,48
1008,40,PhD,Together,44953,0,113,31
11091,68,Graduation,Together,34587,2,96,68
3969,47,Master,Together,43018,1,112,46
1916,67,Master,Married,45736,1,106,92
9907,52,Master,Together,66476,1,109,80
87,40,2n Cycle,Married,27733,1,105,16
8659,69,PhD,Together,69805,1,100,50
6262,59,Master,Single,72217,0,104,93
6147,50,Graduation,Divorced,25818,1,115,51
8832,45,Master,Together,37509,1,114,24
10067,45,2n Cycle,Together,25176,2,103,79
7532,41,Graduation,Married,43586,1,117,26
4915,65,2n Cycle,Married,53230,1,123,86
2115,64,Graduation,Together,50116,2,95,68
2088,49,Graduation,Together,84906,0,109,98
2493,55,Graduation,Married,61286,1,112,34
6292,35,PhD,Married,82333,0,110,60
1631,56,PhD,Together,65220,0,123,3
10104,47,Graduation,Together,33590,3,110,65
3006,45,Graduation,Divorced,30992,1,109,83
3919,45,Master,Single,72309,0,103,64
11181,72,PhD,Married,156924,0,105,85
642,41,Basic,Married,16005,1,117,69
4369,64,Master,Absurd,65487,0,92,48
10127,56,Graduation,Married,58692,1,95,21
271,52,Graduation,Widow,40590,2,111,30
4973,51,Graduation,Single,20587,1,90,39
2948,67,Master,Divorced,62637,1,101,76
2715,55,Master,Divorced,29435,2,120,11
10432,47,Graduation,Divorced,19346,1,100,26
9216,50,Graduation,Married,35788,2,100,34
7124,53,Graduation,Divorced,36997,2,113,72
9727,64,Graduation,Married,23539,0,99,13
5136,48,Graduation,Single,65333,1,100,58
9790,64,Graduation,Single,78499,0,102,12
1818,50,PhD,Together,29732,1,98,23
1100,61,Master,Together,41275,3,98,33
7873,48,PhD,Together,63516,2,108,30
10609,59,PhD,Married,42769,1,101,15
6950,63,Master,Married,49572,2,101,25
7233,49,Graduation,Married,69209,0,116,4
9481,45,Graduation,Married,17148,1,100,80
7699,52,Graduation,Widow,40590,2,111,30
2711,45,Master,Together,30560,1,107,6
8933,38,2n Cycle,Married,32146,1,89,16
8726,57,2n Cycle,Divorced,41713,2,97,57
1515,46,Master,Together,34176,1,100,9
5186,66,PhD,Married,58482,1,89,59
10157,56,Graduation,Single,59686,1,100,78
5667,57,PhD,Married,60896,1,115,90
902,41,Graduation,Together,62994,1,98,74
977,64,Graduation,Together,47320,1,113,10
7313,72,2n Cycle,Widow,74859,0,111,63
7600,29,Basic,Single,15253,1,103,13
9706,47,PhD,Single,31560,1,107,98
2429,67,Graduation,Divorced,72071,1,111,4
3520,31,Master,Single,91172,0,110,94
10394,37,Graduation,Married,90000,0,101,91
4548,40,Graduation,Single,41967,2,102,66
9362,56,Graduation,Single,69263,1,97,14
3968,51,2n Cycle,Divorced,65706,0,107,77
4084,46,Graduation,Together,60934,1,100,41
6721,70,Graduation,Married,71965,1,106,21
2829,66,Graduation,Married,65210,1,91,25
1772,46,PhD,Married,79174,0,103,2
1544,54,Master,Divorced,81380,0,113,51
492,48,PhD,YOLO,48432,1,115,3
4377,50,Graduation,Married,52914,1,107,32
4541,66,Graduation,Together,38946,1,103,84
1321,47,Graduation,Married,26067,1,109,49
8858,49,PhD,Married,44325,1,107,69
3266,57,Graduation,Married,42523,0,97,96
11187,43,Basic,Single,26487,1,108,23
8207,64,2n Cycle,Married,53233,1,98,18
9723,61,Graduation,Married,67716,1,104,8
2666,49,Master,Married,76234,1,96,21
5721,65,PhD,Married,84117,0,90,60
10652,64,Master,Together,65487,0,92,48
1646,49,Basic,Married,25224,1,98,36
4418,38,Master,Single,89616,0,111,36
2656,50,Graduation,Divorced,40851,2,111,63
7990,74,Graduation,Married,27469,0,124,2
8722,64,2n Cycle,Married,82347,0,120,38
7118,64,Graduation,Married,73803,1,125,61
2980,69,Master,Single,8820,2,110,52
1839,47,Graduation,Single,43322,0,97,25
10722,48,Graduation,Together,55593,1,105,63
2632,67,Graduation,Married,50501,2,107,10
9014,46,Graduation,Married,37085,2,95,65
7620,31,Basic,Single,16185,1,109,71
10968,52,Graduation,Single,57731,1,114,0
11133,48,PhD,YOLO,48432,1,115,3
2736,43,Graduation,Married,73807,1,112,88
1876,31,Graduation,Married,18929,0,111,15
5959,53,Graduation,Single,35893,2,115,80
1092,41,Graduation,Married,61014,1,115,17
4333,67,Graduation,Together,32144,2,98,76
3850,58,Basic,Together,14918,1,119,52
6168,58,Graduation,Divorced,45146,2,106,28
607,66,2n Cycle,Divorced,41769,1,111,31
10469,40,Graduation,Together,88325,0,97,42
6983,71,Master,Divorced,38054,2,100,24
3661,26,2n Cycle,Single,80617,0,114,42
9303,45,Graduation,Married,5305,1,106,12
692,67,Graduation,Together,36807,2,113,88
736,38,Graduation,Together,28427,1,110,67
9589,73,PhD,Widow,82032,0,97,54
4838,43,Graduation,Together,22775,1,107,40
9246,36,Master,Together,40101,1,115,73
6261,42,Graduation,Married,58025,1,102,81
7366,39,Master,Single,75777,0,110,12
10659,42,2n Cycle,Together,7500,1,107,7
1448,58,Master,Married,33562,3,95,33
4286,51,PhD,Single,57642,1,93,24
4749,53,Graduation,Together,58554,2,116,55
4478,42,Graduation,Married,63777,2,110,87
4201,59,Graduation,Single,57967,1,111,39
8720,43,2n Cycle,Together,,0,114,53
10084,49,Graduation,Married,24434,2,96,9
7004,37,Graduation,Single,11012,1,110,82
9817,51,Master,Single,44802,0,117,71
8080,35,Graduation,Single,26816,0,117,50
9432,44,Graduation,Together,666666,1,112,23
8372,47,Graduation,Married,34421,1,113,81
10870,54,Graduation,Married,61223,1,107,46
4001,75,PhD,Together,64014,3,91,56
7270,40,Graduation,Divorced,56981,0,100,91
8235,65,Master,Together,69245,1,100,8
9405,67,PhD,Married,52869,2,115,40
